T,TM,Tm,SLP,H,VV,V,VM,CO2,CH4,PM 2.5
,,,,,,,,,,
7.4,9.8,4.8,1017.6,93,0.5,4.3,9.4,420.58,0.88,219.7208333
,,,,,,,,,,
7.8,12.7,4.4,1018.5,87,0.6,4.4,11.1,521.36,0.56,182.1875
,,,,,,,,,,
6.7,13.4,2.4,1019.4,82,0.6,4.8,11.1,498.3,0.52,154.0375
,,,,,,,,,,
8.6,15.5,3.3,1018.7,72,0.8,8.1,20.6,442.58,0.62,223.2083333
,,,,,,,,,,
12.4,20.9,4.4,1017.3,61,1.3,8.7,22.2,725,0.61,200.6458333
,,,,,,,,,,
16,25.2,10,1013.2,79,0.6,4.8,11.1,683.25,0.64,285.225
,,,,,,,,,,
13.4,21,9.2,1015.1,87,0.5,1.5,7.6,681.24,0.54,236.825
,,,,,,,,,,
14.3,22.6,6.6,1016.3,76,0.8,0.4,3.5,658.89,0.82,276.9083333
,,,,,,,,,,
12.7,18.9,7.3,1021.2,76,1.8,6.1,16.5,450.6,0.75,108
,,,,,,,,,,
11.9,18.9,6.3,1020.1,76,1.1,8.3,20.6,568.56,0.86,107.625
,,,,,,,,,,
12.2,19.9,6.2,1021,69,2.1,4.4,18.3,562.3,0.46,125.8916667
,,,,,,,,,,
13.4,21.1,5.6,1020,60,1.9,8,22.2,432.89,0.86,181.0125
,,,,,,,,,,
12.3,21.4,6.4,1019.6,70,1.9,6.7,14.8,525.38,0.35,152.5541667
,,,,,,,,,,
13.7,22,7,1018.2,63,1.8,7.2,18.3,435.38,0.53,152.3208333
,,,,,,,,,,
14.9,21.9,7.1,1018.3,73,0.6,2,7.6,488.56,0.46,319.7375
,,,,,,,,,,
15,24,7.6,1017.4,81,0.6,2.2,7.6,410.8,0.4,332.7083333
,,,,,,,,,,
16.3,24,12,1017.2,80,0.8,1.3,9.4,458.52,0.32,279.6
,,,,,,,,,,
18.7,26.3,9.5,1015.3,64,1.6,1.7,7.6,624.25,0.6,179.1166667
,,,,,,,,,,
14.6,21.6,9.4,1018.4,72,2.7,9.4,18.3,415.86,0.85,54.79166667
,,,,,,,,,,
14.7,21.7,8.4,1017.1,71,1.8,10.9,22.2,521.32,0.42,93.375
,,,,,,,,,,
14.8,22.6,8.5,1016.8,67,2.1,9.3,18.3,528.65,0.56,103
,,,,,,,,,,
17.4,25.4,10.3,1015.8,63,1.9,6.7,14.8,429.35,0.21,132.2083333
,,,,,,,,,,
18.1,26.7,10.2,1013.8,61,2.6,5,11.1,624.38,0.45,127.7083333
,,,,,,,,,,
18.3,23.2,12.7,1011.2,75,1.9,10,22.2,612.85,0.82,109.3333333
,,,,,,,,,,
16.4,22,11.2,1015.5,81,1.6,5.9,18.3,518.85,0.74,56.45833333
,,,,,,,,,,
16.9,23.5,10.1,1016.8,80,1.3,5.2,22.2,482.65,0.56,135.8333333
,,,,,,,,,,
19.3,26.9,12.1,1015.6,74,1.6,5.9,11.1,582.64,0.85,122.5
,,,,,,,,,,
17.2,24.2,10.8,1018.3,74,2.6,4.6,14.8,702.03,0.54,69.66666667
,,,,,,,,,,
17.7,26.5,9.8,1015.3,73,1.4,4.8,14.8,698.21,0.41,79.83333333
,,,,,,,,,,
20.4,28.4,15.2,1014.7,62,2.4,5,14.8,645.28,0.57,62.70833333
,,,,,,,,,,
18.2,26.1,12.2,1016.3,54,1.9,24.4,33.5,485.96,0.63,21.20833333
,,,,,,,,,,
19,26.8,11.7,1016.3,58,2.6,16.7,29.4,528.65,0.51,1.916666667
,,,,,,,,,,
18.7,27.8,13.3,1016.2,69,2.4,7.4,25.9,412.58,0.72,1.833333333
,,,,,,,,,,
22.6,30.6,15.7,1015.4,62,2.6,8.1,20.6,612.58,0.68,105.8333333
,,,,,,,,,,
22.5,31.8,13.7,1014.6,57,2.3,5.9,14.8,652.89,0.51,117.5833333
,,,,,,,,,,
24,33.8,13.6,1009.7,53,1.9,4.6,18.3,634.56,0.65,122.7083333
,,,,,,,,,,
23.8,33,14.9,1010.4,64,1.9,3.9,11.1,642.85,0.24,111.9583333
,,,,,,,,,,
22.6,33,18.1,1013.1,67,2.1,11.3,22.2,411.85,0.65,59.20833333
,,,,,,,,,,
23,30,14.4,1016.1,55,2.7,6.7,14.8,465.28,0.84,77.20833333
,,,,,,,,,,
24.6,31.7,17.9,1008.5,68,2.3,14.1,27.8,439.52,0.61,98.70833333
,,,,,,,,,,
27.1,34.8,17.7,1009.7,52,1.6,6.1,11.1,448.15,0.74,123.7083333
,,,,,,,,,,
26.1,34.8,17.9,1008.8,54,2.6,11.9,18.3,468.1,0.65,64.79166667
,,,,,,,,,,
23.6,34.3,17.7,1010.4,51,2.6,15.9,22.2,549.52,0.54,52.33333333
,,,,,,,,,,
23.2,29.6,16.7,1008.6,54,1.9,13.1,22.2,517.63,0.56,52.04166667
,,,,,,,,,,
23.8,30.9,16.7,1009,52,1.6,6.5,13,501.74,0.84,128.3333333
,,,,,,,,,,
24.7,31.5,17,1008.6,57,2.1,7.6,14.8,508.69,0.51,0
,,,,,,,,,,
25.6,33.8,17.9,1008.7,47,2.1,4.4,13,511.37,0.62,23.20833333
,,,,,,,,,,
25.7,36,17.8,1009,50,1.8,9.3,14.8,589.35,0.42,15.16666667
,,,,,,,,,,
25.1,36,18.3,1009.5,56,2.7,9.1,18.3,410.28,0.73,21.25
,,,,,,,,,,
29.5,37,18.5,1005.2,30,1.9,10.6,22.2,582.96,0.48,81.83333333
,,,,,,,,,,
29.2,37.5,20,1006.1,38,2.6,5.9,14.8,506.84,0.75,105.3333333
,,,,,,,,,,
31.1,37.8,21.7,1005.6,34,1.8,8.1,27.8,406.38,0.76,117.75
,,,,,,,,,,
29.8,36.6,21.4,1007.8,37,1.9,8.1,18.3,415.82,0.65,84.5
,,,,,,,,,,
28.2,36.6,21.9,1007.1,45,1.9,6.5,16.5,462.153,0.35,46.91666667
,,,,,,,,,,
28.3,36.4,20.1,1004,47,1.9,6.3,14.8,644.25,0.61,104.625
,,,,,,,,,,
29.3,37.9,20.3,1002.9,35,2.3,4.4,11.1,6655.14,0.81,110.875
,,,,,,,,,,
30.5,38.6,20.7,1003.4,36,1.9,7.6,14.8,682.14,0.52,42.95833333
,,,,,,,,,,
28,38.6,23.8,1007.3,48,2.3,15.6,25.9,516.85,0.56,0
,,,,,,,,,,
31.1,38.5,23.2,1007.7,45,1.9,3.7,7.6,425.18,0.81,120.875
,,,,,,,,,,
29.9,38.5,24.3,1008.3,53,1.9,6.7,22.2,432.58,0.69,79.91666667
,,,,,,,,,,
31.4,37.8,22,1006.9,38,2.3,13.7,22.2,518.56,0.58,0
,,,,,,,,,,
31.4,39.2,22.8,1002.9,24,1.9,11.5,25.9,528.63,0.36,94.75
,,,,,,,,,,
29.9,38.8,21.7,1000.8,29,1.9,12,24.1,536.46,0.49,142.5
,,,,,,,,,,
29.7,38.3,21.6,999.3,35,1.9,10.2,22.2,557.62,0.75,133.375
,,,,,,,,,,
32.8,40.8,25.3,1002,36,1.8,7.2,24.1,524.86,0.68,147.8333333
,,,,,,,,,,
34.1,42,23.7,1001.4,29,1.9,9.3,18.3,478.58,0.48,158.2916667
,,,,,,,,,,
34.1,42,26.8,1000.8,32,1.9,7.8,14.8,458.75,0.56,149.5833333
,,,,,,,,,,
30.9,37.6,23.2,1003.7,44,1.9,3.5,11.1,415.75,0.82,101.5
,,,,,,,,,,
32.9,39.8,24.7,1001,38,1.9,5.6,13,436.25,0.53,106.5
,,,,,,,,,,
30.6,37.4,24.8,1000.8,47,1.9,2.2,7.6,689.56,0.64,128.125
,,,,,,,,,,
36.2,44.6,25.9,999.2,29,1.9,15,27.8,695.23,0.54,101.9583333
,,,,,,,,,,
36.2,44.6,29.2,999.1,32,1.9,10.6,18.3,639.56,0.67,98.41666667
,,,,,,,,,,
36.8,45.1,28,999.1,26,1.9,12,25.9,624.51,0.84,94.375
,,,,,,,,,,
37.7,45,30.5,998.1,32,1.9,10,22.2,562.45,0.25,107.625
,,,,,,,,,,
36.2,43.6,29.3,998.4,32,2.3,8.1,20.6,524.58,0.62,110.4166667
,,,,,,,,,,
35.6,42.6,30.2,999.3,41,1.9,8.1,20.6,643.86,0.52,95.83333333
,,,,,,,,,,
33.6,40.6,24.8,998.8,47,1.9,10.6,18.3,624.52,0.53,72.25
,,,,,,,,,,
31.9,40.6,26.7,1002,61,1.9,13.5,20.6,615.85,0.81,38.66666667
,,,,,,,,,,
32.4,38.5,26.6,1001,63,2.3,13.3,22.2,613.54,0.65,45.375
,,,,,,,,,,
34.1,40.3,28.8,999.7,59,1.9,10.9,16.5,614.25,0.63,65.16666667
,,,,,,,,,,
34.1,43.2,25.7,997.9,57,1.9,7.4,14.8,665.55,0.7,66.08333333
,,,,,,,,,,
34.2,39.8,29.1,996.7,64,1.9,13.7,18.3,648.87,0.62,77.66666667
,,,,,,,,,,
35.1,40.2,30.2,995.2,52,1.9,8.5,14.8,486.25,0.4,70.25
,,,,,,,,,,
30.3,39.2,28.8,998.6,75,1.9,10.2,22.2,458.62,0.62,56.29166667
,,,,,,,,,,
30.4,38.6,27.8,997.7,73,1.9,8,22.2,411.78,0.51,77
,,,,,,,,,,
29.8,38.6,24.6,997.9,71,2.3,12.6,16.5,562.85,0.82,32.95833333
,,,,,,,,,,
29.7,35.5,24.8,999,76,1.9,4.3,14.8,522.11,0.62,80.625
,,,,,,,,,,
33,38.4,25.3,997.6,58,1.8,4.8,13,542.35,0.61,90.70833333
,,,,,,,,,,
35.6,41,27.3,995.5,49,1.9,7.4,18.3,568.95,0.75,97.29166667
,,,,,,,,,,
31,39.4,27.8,999.2,74,1.9,11.5,18.3,498.11,0.64,50.70833333
,,,,,,,,,,
31.2,35.7,27.2,998.4,75,1.9,6.3,14.8,586.42,0.85,40.375
,,,,,,,,,,
31.2,37.1,27.6,996.8,71,1.9,8.1,20.6,514.25,0.66,49.41666667
,,,,,,,,,,
33.9,39.2,27.8,995.2,62,1.9,8.9,14.8,523.18,0.25,61.875
,,,,,,,,,,
32.8,37.6,28.4,995.8,67,1.9,9.3,18.3,416.86,0.35,0
,,,,,,,,,,
31.6,37.6,26.9,997.5,76,1.9,6.5,11.1,592.48,0.44,29.66666667
,,,,,,,,,,
31.1,35,27.9,1000.1,81,1.9,7.2,11.1,572.47,0.41,49.125
,,,,,,,,,,
30.3,35.8,27.2,997.5,78,1.9,7.6,14.8,657.45,0.55,43.66666667
,,,,,,,,,,
29.2,35.4,24.6,996.4,81,1.8,7.4,14.8,563.41,0.52,29.83333333
,,,,,,,,,,
31.8,36.7,25.8,998.8,75,1.9,8.3,14.8,582.59,0.58,35.20833333
,,,,,,,,,,
31.1,37.2,28.2,997.5,76,1.9,3.9,11.1,465.89,0.88,37.625
,,,,,,,,,,
31.7,37.2,26.8,998.3,78,1.9,7.8,11.1,413.25,0.56,41.45833333
,,,,,,,,,,
30.9,35.4,25.8,995,77,1.9,10.4,18.3,572.85,0.52,38.58333333
,,,,,,,,,,
26.8,35.4,24.2,999,93,1.1,6.3,14.8,568.15,0.62,36
,,,,,,,,,,
29.1,33.8,23.9,996.3,86,1.4,2.6,55.4,698.23,0.61,70.58333333
,,,,,,,,,,
28.5,34.4,26.3,995.5,87,1.6,7,14.8,695.15,0.64,33.16666667
,,,,,,,,,,
30.4,35.1,24.8,995.2,77,1.9,5.2,14.8,459.86,0.54,38.25
,,,,,,,,,,
30,35.5,26.2,997.5,83,1.9,3.7,11.1,526.46,0.82,26.58333333
,,,,,,,,,,
29,33.7,26.9,996.5,82,1.9,9.8,14.8,582.75,0.75,15.41666667
,,,,,,,,,,
31.1,34.9,25.9,998.2,76,1.9,6.7,11.1,584.71,0.86,41.375
,,,,,,,,,,
31.8,36,27.5,999.6,71,1.9,11.7,18.3,458.69,0.46,25.54166667
,,,,,,,,,,
32.2,36.1,27.4,1000.8,69,1.9,9.3,14.8,593.26,0.86,28.375
,,,,,,,,,,
28.4,30.6,25.3,1001.8,88,1.4,3.1,7.6,564.15,0.35,50.33333333
,,,,,,,,,,
28.1,30.8,25.8,1000.6,88,1.9,8,18.3,528.36,0.53,35.375
,,,,,,,,,,
27.4,30.8,25.4,1000.8,90,1.9,3.1,9.4,536.86,0.46,31.91666667
,,,,,,,,,,
30.1,34.6,27.2,1000,79,1.9,10.2,18.3,526.2,0.4,35.29166667
,,,,,,,,,,
29.7,34.9,26.1,1000.3,79,1.9,8.3,18.3,456.82,0.32,26.83333333
,,,,,,,,,,
27.7,30.7,24.8,1001.8,88,1.9,7.2,14.8,482.36,0.6,21.125
,,,,,,,,,,
28.4,33.1,26,1000,86,1.9,5,18.3,412.51,0.85,35.70833333
,,,,,,,,,,
27.4,33.5,24.4,999.1,90,1.1,5.4,18.3,412,0.42,43.58333333
,,,,,,,,,,
29.2,34.4,24.8,999,81,2.1,7.8,29.4,475.56,0.56,46.04166667
,,,,,,,,,,
30.4,36.5,27.8,999.3,82,1.4,2,7.6,458.47,0.21,82.875
,,,,,,,,,,
32.1,36.7,26.8,998.1,74,1.9,6.5,14.8,658.12,0.45,64.91666667
,,,,,,,,,,
32,35.5,27.6,999.8,65,2.6,16.9,29.4,475.21,0.82,30.66666667
,,,,,,,,,,
29.1,34.2,25.9,1003.4,76,1.9,5.6,9.4,412.3,0.74,34.41666667
,,,,,,,,,,
30.2,35.6,25.6,1003.6,68,3.1,14.8,22.2,515.88,0.56,33.16666667
,,,,,,,,,,
31.7,35.9,27,1003.6,59,2.6,14.4,22.2,479.85,0.85,30.625
,,,,,,,,,,
31.6,36.3,25.9,1002.7,58,2.7,15.4,25.9,420.58,0.54,30.33333333
,,,,,,,,,,
30.9,35.6,25,1004.8,58,2.3,6.9,14.8,521.36,0.41,0
,,,,,,,,,,
29.6,34.2,25.8,1007.3,67,1.9,6.3,14.8,498.3,0.57,0
,,,,,,,,,,
29.3,35,24.1,1007.6,70,1.9,4.3,11.1,442.58,0.63,0
,,,,,,,,,,
30.6,36,25.8,1007.2,74,1.6,2.8,7.6,725,0.51,76.875
,,,,,,,,,,
31.2,36.4,25.8,1004.4,69,1.9,2,7.6,683.25,0.72,83.45833333
,,,,,,,,,,
31.6,36.8,25.9,1001.5,63,2.4,3.9,11.1,681.24,0.68,71.66666667
,,,,,,,,,,
29.9,36.2,23.4,1002.5,66,1.9,1.9,7.6,658.89,0.51,69.70833333
,,,,,,,,,,
28.7,34.1,25.2,1002.9,76,1.9,9.6,51.9,450.6,0.65,62.375
,,,,,,,,,,
26.3,34.1,24,1003.4,87,1.9,6.1,11.1,568.56,0.24,24.875
,,,,,,,,,,
28.6,35.6,25.3,1005.4,79,2.6,5.7,13,562.3,0.65,43.95833333
,,,,,,,,,,
28.6,34.5,24,1006.7,81,1.9,3.9,9.4,432.89,0.84,41.5
,,,,,,,,,,
29,34.2,24.3,1005.8,76,1.9,7.4,20.6,525.38,0.61,38.79166667
,,,,,,,,,,
29.1,34,23.8,1007.8,72,1.9,6.5,13,435.38,0.74,30.33333333
,,,,,,,,,,
28.9,34.9,25.6,1009.5,68,2.6,7.6,13,488.56,0.65,26.66666667
,,,,,,,,,,
27.9,33.7,23.2,1008.4,67,2.6,10,14.8,410.8,0.54,29
,,,,,,,,,,
29.4,34.5,24.3,1009.1,73,1.8,1.3,3.5,458.52,0.56,61.70833333
,,,,,,,,,,
30.1,34.5,24.8,1010,72,1.8,1.5,7.6,624.25,0.84,60.54166667
,,,,,,,,,,
30.1,35.6,24.8,1010.5,72,2.1,4.6,11.1,415.86,0.51,41.58333333
,,,,,,,,,,
27.4,33.1,22.8,1008,85,1.6,0.4,3.5,521.32,0.62,80.04166667
,,,,,,,,,,
27.5,32.5,23,1007.1,80,1.8,6.1,18.3,528.65,0.42,82.83333333
,,,,,,,,,,
26.6,32.6,21.1,1008.8,76,1.6,3.3,11.1,429.35,0.73,95.25
,,,,,,,,,,
25.6,33.2,19.5,1011.5,67,1.4,3.7,14.8,624.38,0.48,126.1666667
,,,,,,,,,,
25,32.8,17.6,1010.8,69,1.4,1.1,5.4,612.85,0.75,136.7083333
,,,,,,,,,,
24.8,32.3,17.3,1009.7,68,1.4,1.5,7.6,518.85,0.76,160.6666667
,,,,,,,,,,
24.1,30,17.5,1011.2,74,1,1.5,9.4,482.65,0.65,245.6666667
,,,,,,,,,,
24.3,31.4,18.5,1011.2,72,1.1,0.4,3.5,582.64,0.35,261.6666667
,,,,,,,,,,
23,31,18,1010.6,71,0.8,2.6,9.4,702.03,0.61,272.4166667
,,,,,,,,,,
24.1,30.1,16.7,1014,62,1.4,3.3,11.1,698.21,0.81,149.625
,,,,,,,,,,
23.8,30.5,18.4,1013.5,71,1.6,1.3,3.5,645.28,0.52,99.70833333
,,,,,,,,,,
22.4,28.6,16.3,1014.6,67,1,5.4,11.1,485.96,0.56,217.375
,,,,,,,,,,
20.9,28.1,13.6,1016,59,0.8,6.3,18.3,528.65,0.81,309.375
,,,,,,,,,,
20.1,27.1,14,1015.5,78,0.6,3.9,11.1,412.58,0.69,321.5416667
,,,,,,,,,,
18.9,27.1,14.5,1015.2,80,0.6,1.3,7.6,612.58,0.58,278
,,,,,,,,,,
19.1,25.6,12.4,1016.6,79,0.8,0.4,3.5,652.89,0.36,192.3333333
,,,,,,,,,,
17.8,26.2,11,1014.3,68,1,3,11.1,634.56,0.49,224.1666667
,,,,,,,,,,
17.6,25.6,11.2,1015.2,68,1.1,3.5,14.8,642.85,0.75,196.75
,,,,,,,,,,
17,26.6,10,1016.5,70,1.1,0.9,7.6,411.85,0.68,221.5416667
,,,,,,,,,,
17.8,26.9,11.4,1015.4,67,1.4,7.2,20.6,465.28,0.48,166.7083333
,,,,,,,,,,
18.2,28.1,10.4,1012.6,61,1.8,2.6,11.1,439.52,0.56,130.7083333
,,,,,,,,,,
18,28.5,10.2,1013.2,68,1.1,2,11.1,448.15,0.82,194.7083333
,,,,,,,,,,
21.1,28.8,13.8,1012.8,57,1.6,9.4,22.2,468.1,0.53,134.4583333
,,,,,,,,,,
21.3,28.8,15,1011.9,58,1.9,9.6,16.5,549.52,0.64,110
,,,,,,,,,,
19,28.8,12.5,1014.7,72,1.6,2.8,9.4,517.63,0.54,160
,,,,,,,,,,
18.1,28,10,1016.1,66,1.4,1.7,7.6,501.74,0.67,118.9166667
,,,,,,,,,,
17.2,28.4,9.8,1015.8,73,1.1,1.9,11.1,508.69,0.84,176.375
,,,,,,,,,,
17.4,28.4,9.2,1016.6,74,1.1,1.5,11.1,511.37,0.25,185.9583333
,,,,,,,,,,
16,26.1,9.1,1014.4,81,1,1.1,5.4,589.35,0.62,239.125
,,,,,,,,,,
16.2,25.3,9.5,1013.4,81,0.8,2.2,14.8,410.28,0.52,312.2083333
,,,,,,,,,,
16.5,24.5,10.8,1012.2,74,1.6,10.2,22.2,582.96,0.53,121.3333333
,,,,,,,,,,
15.4,24.9,8.2,1012.8,82,1,0.7,3.5,506.84,0.81,202.875
,,,,,,,,,,
15.5,24.9,9.4,1015.1,88,0.6,2.6,7.6,406.38,0.65,260.1666667
,,,,,,,,,,
16.3,22.4,10.8,1012.8,91,0.6,3.1,11.1,415.82,0.63,277.7083333
,,,,,,,,,,
15.4,19.7,11.6,1016,93,0.6,4.4,9.4,462.153,0.7,284.1666667
,,,,,,,,,,
14.6,15.9,12.5,1016.9,95,0.5,0.4,3.5,644.25,0.62,288.4166667
,,,,,,,,,,
13.6,20.4,7.5,1020.7,67,1.1,10.2,40.7,6655.14,0.4,166.9166667
,,,,,,,,,,
12.3,20.6,6.2,1019.4,71,1.3,4.4,18.3,682.14,0.62,169
,,,,,,,,,,
11.9,17.1,6.5,1018.6,84,1.1,1.1,5.4,516.85,0.51,186.0416667
,,,,,,,,,,
14.3,19.2,10.9,1020.5,91,1.6,4.8,11.1,425.18,0.82,nan
,,,,,,,,,,
13.2,18.2,9.2,1021,92,0.8,7.6,11.1,432.58,0.62,255.875
,,,,,,,,,,
11.1,18.3,5,1020.2,80,1.1,8,14.8,518.56,0.61,217.0833333
,,,,,,,,,,
12.7,19.8,5.2,1017.9,78,1.3,5.4,14.8,528.63,0.75,229.1666667
,,,,,,,,,,
11.9,20.7,4.4,1017.9,78,0.8,1.9,7.6,536.46,0.64,264.9166667
,,,,,,,,,,
11.7,20.7,6.5,1017.3,89,0.3,0.9,7.6,557.62,0.85,404.5
,,,,,,,,,,
13.9,21.6,7,1019.6,74,0.8,1.1,9.4,524.86,0.66,188.5
,,,,,,,,,,
14.9,22.1,8.9,1017.2,78,1,2.8,7.6,478.58,0.25,164.75
,,,,,,,,,,
12,22.1,9.6,1019.7,95,0.3,0.4,3.5,458.75,0.35,376.9166667
,,,,,,,,,,
14.5,21,8.6,1023.2,88,1.3,3.5,7.6,415.75,0.44,0
,,,,,,,,,,
14.6,22.3,9,1021.2,86,1,4.4,9.4,436.25,0.41,0
,,,,,,,,,,
13.4,22.3,11.5,1020.6,98,1.4,6.9,13,689.56,0.55,57
,,,,,,,,,,
11.7,18.2,9.4,1019.9,96,0.5,8.3,11.1,695.23,0.52,202.9166667
,,,,,,,,,,
14.3,20.3,9.9,1019.1,88,0.6,8.9,14.8,639.56,0.45,205.125
,,,,,,,,,,
16.6,24,10.1,1018.8,75,1.3,10,14.8,624.51,0.88,214.125
,,,,,,,,,,
14.8,21.1,10,1019.3,86,0.5,3,11.1,562.45,0.56,315.7916667
,,,,,,,,,,
13.9,21.1,10.8,1019.8,83,0.8,2.6,7.6,524.58,0.52,322.25
,,,,,,,,,,
15.3,24.4,6.8,1016.9,79,0.6,1.9,7.6,643.86,0.62,246.0416667
,,,,,,,,,,
18.6,27.8,8.9,1014.4,65,1.3,5.6,57.6,624.52,0.61,200.9166667
,,,,,,,,,,
19.7,26.4,15.1,1009.3,72,1.6,15,29.4,615.85,0.64,99.5
,,,,,,,,,,
13.8,26.4,9.6,1011.3,88,1,8.1,14.8,613.54,0.54,143.9166667
,,,,,,,,,,
12.7,19.5,7,1012,66,1.4,9.3,25.9,614.25,0.82,100.25
,,,,,,,,,,
15.3,22.6,5.6,1013.6,67,1.6,4.8,11.1,665.55,0.75,165
,,,,,,,,,,
13.1,22.6,11,1011.8,97,1.1,5.4,11.1,648.87,0.86,116.4583333
,,,,,,,,,,
12.6,17.7,9.2,1012.6,91,0.6,3.9,7.6,486.25,0.46,143
,,,,,,,,,,
15.1,23.3,7.1,1016.7,77,0.8,1.9,7.6,458.62,0.86,231.125
,,,,,,,,,,
16.1,24.5,8.2,1014.8,80,0.6,1.9,9.4,411.78,0.35,218.6666667
,,,,,,,,,,
17.2,24.6,9,1014.2,75,1.4,8.9,14.8,562.85,0.53,211
,,,,,,,,,,
17.9,25.2,10.3,1017.4,70,1.1,0.9,7.6,522.11,0.46,52.20833333
,,,,,,,,,,
18.9,26.2,12.5,1014.4,72,1.3,2.4,9.4,542.35,0.4,187.5
,,,,,,,,,,
18.6,25.3,13,1013.3,80,1.1,7.2,22.2,568.95,0.32,130.1666667
,,,,,,,,,,
16.3,21.3,12,1015.1,90,1.1,4.3,13,498.11,0.6,123.125
,,,,,,,,,,
16.1,21.8,10,1017.1,82,1.3,5.7,11.1,586.42,0.85,120.9166667
,,,,,,,,,,
17.8,25.7,10.5,1016.3,67,2.1,3.7,11.1,514.25,0.42,153.625
,,,,,,,,,,
18.4,25.9,11,1017,65,2.3,6.7,14.8,523.18,0.56,130.3333333
,,,,,,,,,,
19.8,27.1,12.8,1017.2,66,2.6,9.8,24.1,416.86,0.21,110.7083333
,,,,,,,,,,
22.3,29,14,1014.6,61,2.3,5,13,592.48,0.45,138.5
,,,,,,,,,,
18.9,27.1,12.8,1016.1,65,2.6,9.8,18.3,572.47,0.82,75.75
,,,,,,,,,,
19.7,27.6,12,1015.2,66,1.9,5.7,13,657.45,0.74,146.5416667
,,,,,,,,,,
21.4,29.7,12.6,1016.4,65,1.4,2.8,9.4,563.41,0.56,116.625
,,,,,,,,,,
21.7,28.4,16.2,1013.1,61,2.3,10.2,22.2,582.59,0.85,80.04166667
,,,,,,,,,,
21.5,29.2,15,1010.8,59,2.6,7.4,18.3,465.89,0.54,100.0416667
,,,,,,,,,,
22.4,32.5,14.5,1007.2,68,2.1,5.4,11.1,413.25,0.41,109.4583333
,,,,,,,,,,
24.6,32.7,16.5,1010.6,64,1.8,2.8,11.1,572.85,0.57,110.1666667
,,,,,,,,,,
25.2,32.7,19.1,1010.7,64,1.9,2.8,11.1,568.15,0.63,108.2083333
,,,,,,,,,,
23.4,29.1,19.6,1011.7,69,1.9,4.8,9.4,698.23,0.51,103.8333333
,,,,,,,,,,
24.2,30.8,17,1008.2,48,1.9,13.1,22.2,695.15,0.72,74.29166667
,,,,,,,,,,
24.9,33.2,16.8,1006.2,49,2.6,9.6,25.9,459.86,0.68,101.7916667
,,,,,,,,,,
26.8,35.2,17.7,1005.7,50,1.9,7.2,14.8,526.46,0.51,106.1666667
,,,,,,,,,,
25.1,35.2,18,1010.4,53,2.1,10.4,25.9,582.75,0.65,89.875
,,,,,,,,,,
27.2,38,21,1009.7,55,1.9,13,18.3,584.71,0.24,48.20833333
,,,,,,,,,,
25.8,32.2,19.5,1010.3,49,2.6,12.6,18.3,458.69,0.65,47.04166667
,,,,,,,,,,
25.7,32.8,17.5,1010.3,41,2.6,12.8,25.9,593.26,0.84,67.79166667
,,,,,,,,,,
27,37.2,22.6,1009.8,49,1.9,15.6,27.8,564.15,0.61,56.66666667
,,,,,,,,,,
27.7,34.5,21.5,1010.6,55,1.9,5.2,13,528.36,0.74,79
,,,,,,,,,,
29.1,36.5,20.5,1009.2,53,1.8,2.6,11.1,536.86,0.65,123.5833333
,,,,,,,,,,
25.6,32.3,20,1011.4,64,1.9,5,14.8,526.2,0.54,80.29166667
,,,,,,,,,,
26.8,33.6,19.2,1010.5,53,1.6,4.6,11.1,456.82,0.56,137.875
,,,,,,,,,,
28.1,35.8,18.6,1010,40,1.9,8.7,16.5,482.36,0.84,87.875
,,,,,,,,,,
30.5,38.8,20.6,1006,41,2.4,8.1,22.2,412.51,0.51,121.2083333
,,,,,,,,,,
31.5,38.8,22.1,1006.2,39,2.4,8.1,16.5,412,0.62,97.04166667
,,,,,,,,,,
30.6,38.7,21.5,1007,36,1.9,8.3,18.3,475.56,0.42,92.08333333
,,,,,,,,,,
34.8,42.8,24.2,1001.7,30,2.3,9.6,18.3,458.47,0.73,130.625
,,,,,,,,,,
34.5,41.7,26.2,1001.8,33,1.9,6.5,11.1,658.12,0.48,90.5
,,,,,,,,,,
31.8,41.7,26.2,1003.7,43,1.9,7.4,18.3,475.21,0.75,55.41666667
,,,,,,,,,,
31.8,38.6,24.2,1004.3,54,1.9,1.9,7.6,412.3,0.76,108.3333333
,,,,,,,,,,
32.2,39.5,25.2,1002.1,45,1.6,9.3,16.5,515.88,0.65,198.875
,,,,,,,,,,
30.7,39.5,21.4,1000.5,43,1.6,6.5,14.8,420.58,0.35,120.7083333
,,,,,,,,,,
25.2,30.6,18,1008.2,71,2.6,10,20.6,521.36,0.61,60.54166667
,,,,,,,,,,
26.9,32.1,19,1006.6,62,1.8,8.5,18.3,498.3,0.81,79
,,,,,,,,,,
29.7,35.4,23,1004.1,48,1.8,11.1,16.5,442.58,0.52,133.7083333
,,,,,,,,,,
32.3,39.1,24,1006.6,36,2.3,11.7,24.1,725,0.56,53.25
,,,,,,,,,,
31.9,38.8,26.5,1006,39,2.3,8.7,22.2,683.25,0.81,65.16666667
,,,,,,,,,,
32.8,38.6,24.8,1002.3,40,1.9,9.6,18.3,681.24,0.69,83.58333333
,,,,,,,,,,
32.4,40.6,23.2,1005.2,45,2.7,8.9,14.8,658.89,0.58,40.66666667
,,,,,,,,,,
30,36.4,21.4,1007.2,60,2.6,4.1,14.8,450.6,0.36,48.125
,,,,,,,,,,
31.8,38.8,24,1004.8,54,1.9,2.6,7.6,568.56,0.49,103.1666667
,,,,,,,,,,
34.6,42.8,25,999.6,46,1.8,6.3,18.3,562.3,0.75,143.375
,,,,,,,,,,
32.9,41.6,25.6,1003,44,2.9,17.4,55.4,432.89,0.68,44.79166667
,,,,,,,,,,
32.8,39.9,25,1003.3,48,2.6,4.6,14.8,525.38,0.48,71.95833333
,,,,,,,,,,
34.8,41.7,26.5,1000,40,2.6,6.5,14.8,435.38,0.56,17.5
,,,,,,,,,,
38.5,44.9,30.8,994,31,1.9,13.1,29.4,488.56,0.82,101
,,,,,,,,,,
37.8,45.1,28.6,993.3,34,1.9,6.7,18.3,410.8,0.53,76.20833333
,,,,,,,,,,
37.9,45.5,30.1,993.1,38,1.9,5.9,16.5,458.52,0.64,84.33333333
,,,,,,,,,,
30.3,41.1,22.7,997.7,62,2.6,16.7,29.4,624.25,0.54,48.83333333
,,,,,,,,,,
30.5,37.1,25.5,997.3,73,2.6,6.5,22.2,415.86,0.67,64.45833333
,,,,,,,,,,
33.9,40.6,28,997,59,2.1,8.1,25.9,521.32,0.84,80.54166667
,,,,,,,,,,
35.6,41.4,28.4,993.2,55,1.9,10.9,18.3,528.65,0.25,65.41666667
,,,,,,,,,,
37.9,43,31,991.5,44,2.3,17.8,25.9,429.35,0.62,54.66666667
,,,,,,,,,,
36.9,41.7,32.7,994,49,1.9,9.8,24.1,624.38,0.52,78.54166667
,,,,,,,,,,
33.3,39,25.3,997.7,56,1.9,9.8,16.5,612.85,0.53,49.125
,,,,,,,,,,
32.4,38.1,23.5,1000.8,66,1.9,3.3,7.6,518.85,0.81,65.875
,,,,,,,,,,
34.7,39.9,28.8,1001.5,55,1.9,9.4,22.2,482.65,0.65,72.41666667
,,,,,,,,,,
31.2,35.2,27,1000.9,71,1.9,6.3,11.1,582.64,0.63,184.6666667
,,,,,,,,,,
29.5,36.6,25.5,1000.9,76,1.8,5.7,14.8,702.03,0.7,113.3333333
,,,,,,,,,,
28.9,36.6,26.1,998.4,80,1.9,5.2,14.8,698.21,0.62,146.2083333
,,,,,,,,,,
34,38.8,26.8,998.1,55,1.9,5.6,14.8,645.28,0.4,112.2916667
,,,,,,,,,,
34.9,40.3,28.6,996.8,48,1.9,9.6,25.9,485.96,0.62,60.625
,,,,,,,,,,
35.9,40.5,29.6,996.3,46,1.9,13.7,27.8,528.65,0.51,71
,,,,,,,,,,
33.3,42.3,29.2,997.8,69,1.9,5.2,9.4,412.58,0.82,153.4166667
,,,,,,,,,,
32.4,40.2,25.9,997.2,74,1.9,6.7,14.8,612.58,0.62,134.9583333
,,,,,,,,,,
33.2,39,28.5,996.2,68,1.9,8.9,11.1,652.89,0.61,81.125
,,,,,,,,,,
29.8,33.6,25.4,995.1,76,1.9,6.3,18.3,634.56,0.75,52.25
,,,,,,,,,,
30.8,34.6,26.5,996.6,74,1.9,6.3,14.8,642.85,0.64,160.375
,,,,,,,,,,
32.1,35.8,27.2,996.1,71,1.9,4.6,9.4,411.85,0.85,99.375
,,,,,,,,,,
30.7,33.9,26.5,1000.8,70,1.9,10,14.8,465.28,0.66,31.45833333
,,,,,,,,,,
32.5,37.5,27.6,1001.9,67,1.9,7.2,18.3,439.52,0.25,47.375
,,,,,,,,,,
31.7,37.5,28.1,1002.1,71,1.9,2.4,33.5,448.15,0.35,38.16666667
,,,,,,,,,,
32.5,36.5,28.2,999.9,71,1.9,7.8,16.5,468.1,0.44,35.95833333
,,,,,,,,,,
33.3,37.7,28.1,998,66,1.9,6.5,9.4,549.52,0.41,25.08333333
,,,,,,,,,,
30.3,35.3,28.4,996.9,81,1.9,0.9,7.6,517.63,0.55,45.83333333
,,,,,,,,,,
31.4,36.6,27,995.3,72,1.9,5.7,13,501.74,0.52,33.70833333
,,,,,,,,,,
31,34,29,996.8,71,1.9,5.6,16.5,508.69,0.58,26.41666667
,,,,,,,,,,
30.9,35,27.6,998.4,73,1.9,5.9,14.8,511.37,0.88,30.66666667
,,,,,,,,,,
30.9,35.4,27,1000.3,75,1.9,4.8,16.5,589.35,0.56,29.95833333
,,,,,,,,,,
32,36.6,27,998.1,63,2.3,20.7,27.8,410.28,0.52,23.875
,,,,,,,,,,
30.5,36.2,25.4,997.3,65,2.3,18.5,29.4,582.96,0.62,22.33333333
,,,,,,,,,,
31.2,35.7,27.6,999,62,1.9,14.6,27.8,506.84,0.61,25.08333333
,,,,,,,,,,
33,37,27,1004.8,59,1.9,6.9,16.5,406.38,0.64,66.79166667
,,,,,,,,,,
33.3,38.4,28,1002.5,54,1.9,8.9,18.3,415.82,0.54,64.875
,,,,,,,,,,
32.6,38.4,28,1001.3,51,1.9,10.9,27.8,462.153,0.82,47.58333333
,,,,,,,,,,
33.7,39.1,27.5,1002.6,53,2.7,7.8,16.5,644.25,0.75,33.5
,,,,,,,,,,
34.1,39.4,29,1001.5,49,3.1,10,18.3,6655.14,0.86,43.04166667
,,,,,,,,,,
34.1,39.4,27.5,1001.1,53,2.9,8,20.6,682.14,0.46,38.41666667
,,,,,,,,,,
27.5,34.8,25,1001,89,1.9,4.3,16.5,516.85,0.86,49.29166667
,,,,,,,,,,
29.5,35.3,24.6,1001.1,71,2.3,10.9,48.2,425.18,0.35,19.54166667
,,,,,,,,,,
29.4,35.3,26.3,1001.7,76,2.6,10.4,20.6,432.58,0.53,22.83333333
,,,,,,,,,,
28.5,33.2,26,1001.3,82,1.9,15,25.9,518.56,0.46,24.29166667
,,,,,,,,,,
30.9,34.7,25.7,1003.5,73,1.9,1.3,5.4,528.63,0.4,74.66666667
,,,,,,,,,,
31.2,36,26.4,1003.3,72,1.9,3.5,13,536.46,0.32,41.875
,,,,,,,,,,
30.8,36,26.8,1002.5,76,1.9,1.9,11.1,557.62,0.6,50.58333333
,,,,,,,,,,
29.3,34.1,23.5,1004.1,73,1.8,4.3,11.1,524.86,0.85,58.125
,,,,,,,,,,
29,34.8,24.6,1004.3,71,1.9,6.7,14.8,478.58,0.42,57.29166667
,,,,,,,,,,
29.8,34.9,22.5,1004.2,68,2.6,6.7,18.3,458.75,0.56,38.25
,,,,,,,,,,
31,36.3,25.3,1003.5,62,3.1,4.3,14.8,415.75,0.21,47.41666667
,,,,,,,,,,
31,36.3,26,1002.8,61,2.3,4.4,11.1,436.25,0.45,56.91666667
,,,,,,,,,,
30.4,36.2,25.2,1003.6,61,2.6,5.6,14.8,689.56,0.82,54.625
,,,,,,,,,,
30,35.8,24.2,1007.7,58,2.6,9.6,18.3,695.23,0.74,45.95833333
,,,,,,,,,,
30.1,35.7,24,1008.1,57,2.4,5.7,16.5,639.56,0.56,52.25
,,,,,,,,,,
30.7,36.3,25.4,1009.2,54,3.1,8.9,16.5,624.51,0.85,43.33333333
,,,,,,,,,,
31,36.9,24.3,1010.1,54,3.1,3.1,11.1,562.45,0.54,41.95833333
,,,,,,,,,,
30.3,36.9,24.6,1009.1,58,2.6,2.8,9.4,524.58,0.41,0
,,,,,,,,,,
30.7,37,24.4,1008.1,57,2.7,2,14.8,643.86,0.57,0
,,,,,,,,,,
30.9,37.2,24.5,1008.3,65,1.6,1.1,5.4,624.52,0.63,45.75
,,,,,,,,,,
29.6,35.2,24.9,1009.9,59,1.9,3,20.6,615.85,0.51,70.70833333
,,,,,,,,,,
27.6,34.6,22.2,1010,56,2.3,3.3,11.1,613.54,0.72,51.79166667
,,,,,,,,,,
27.6,34.5,18.6,1009.8,66,1.8,8.7,14.8,614.25,0.68,0
,,,,,,,,,,
24.4,33.6,21.4,1011,75,1.9,5.4,14.8,665.55,0.51,11.58333333
,,,,,,,,,,
24.5,30.4,19.6,1014.8,73,2.1,3.1,7.6,648.87,0.65,13
,,,,,,,,,,
23.8,31.5,16.5,1012.5,61,1.4,4.3,11.1,486.25,0.24,156.25
,,,,,,,,,,
24.7,32.3,16.6,1013.3,60,1.8,4.4,14.8,458.62,0.65,156
,,,,,,,,,,
25.4,33.3,18,1014.5,60,1.4,2,5.4,411.78,0.84,151.7916667
,,,,,,,,,,
25.4,33.1,18.6,1012.3,71,1,0.9,3.5,562.85,0.61,252.625
,,,,,,,,,,
25.1,32.3,19.4,1014.9,69,1.4,2,9.4,522.11,0.74,119.4166667
,,,,,,,,,,
24.9,32.6,19.5,1013.7,67,1.4,1.9,9.4,542.35,0.65,126
,,,,,,,,,,
23.2,32.1,16,1013.7,62,1,3.7,11.1,568.95,0.54,232.3333333
,,,,,,,,,,
22.5,29.3,16.6,1014,57,1.3,5.4,11.1,498.11,0.56,215.5416667
,,,,,,,,,,
22.7,31.1,15.8,1014.5,54,1.4,7.2,20.6,586.42,0.84,239.4166667
,,,,,,,,,,
23.4,31.2,15,1013.4,58,1.1,4.1,14.8,514.25,0.51,196.5416667
,,,,,,,,,,
23.9,31.7,16.6,1012.9,69,1,2.4,11.1,523.18,0.62,232.5416667
,,,,,,,,,,
24,32.1,17.1,1014.6,69,1.3,1.7,9.4,416.86,0.42,185.5
,,,,,,,,,,
24.2,31.6,17.2,1015.3,62,1.1,4.3,11.1,592.48,0.73,282.1666667
,,,,,,,,,,
18.5,27.6,11.7,1016.6,56,1.3,3.3,11.1,572.47,0.48,257.6666667
,,,,,,,,,,
18.3,27.6,9,1016.4,48,1.3,7.4,22.2,657.45,0.75,166.875
,,,,,,,,,,
18.6,27.5,10.6,1014.8,51,1.3,2.8,11.1,563.41,0.76,135.1666667
,,,,,,,,,,
17.6,28.8,8.5,1016.6,59,1.3,1.1,9.4,582.59,0.65,211.4583333
,,,,,,,,,,
18.4,28.8,11.7,1014.9,58,1.4,3.7,9.4,465.89,0.35,215.5
,,,,,,,,,,
17.2,27.8,9.8,1014.1,64,1,2,11.1,413.25,0.61,223.375
,,,,,,,,,,
16.4,26.6,8,1015,57,1.3,2.6,14.8,572.85,0.81,135.5833333
,,,,,,,,,,
17.4,26.7,9,1011.2,55,1.4,6.3,14.8,568.15,0.52,152.0416667
,,,,,,,,,,
20.1,30,11.4,1013.8,47,1.8,8.9,22.2,698.23,0.56,46.70833333
,,,,,,,,,,
20.1,29,13.8,1014.3,52,1.9,7.2,22.2,695.15,0.81,91.75
,,,,,,,,,,
20.3,28.1,14,1013.6,52,1.9,9.3,22.2,459.86,0.69,99.91666667
,,,,,,,,,,
17.2,27.4,10.5,1014.9,52,1.6,4.8,14.8,526.46,0.58,119.7083333
,,,,,,,,,,
17.1,26.3,10.2,1015.1,54,1.6,2.8,11.1,582.75,0.36,110.875
,,,,,,,,,,
15.8,22.3,10.4,1016.2,77,1,8.9,14.8,584.71,0.49,203.5833333
,,,,,,,,,,
15,20.8,13.2,1016.8,93,1.1,3.5,9.4,458.69,0.75,25.08333333
,,,,,,,,,,
14.2,20,10.4,1019.2,82,1.6,1.9,9.4,593.26,0.68,57.08333333
,,,,,,,,,,
11.7,17.6,7.4,1022.3,85,0.3,0.4,3.5,564.15,0.48,349.2916667
,,,,,,,,,,
11.3,17.5,7.2,1018.8,81,0.8,5.7,13,528.36,0.56,188.0416667
,,,,,,,,,,
9.5,17.5,5.6,1018.1,84,0.5,0.9,3.5,536.86,0.82,310.25
,,,,,,,,,,
9.3,16,6,1020,85,0.6,8.1,14.8,526.2,0.53,204.375
,,,,,,,,,,
10.8,17,6.3,1017.7,82,0.8,7.8,11.1,456.82,0.64,223.25
,,,,,,,,,,
10.4,19.2,4.8,1018.6,71,0.8,2.8,11.1,482.36,0.54,248.9583333
,,,,,,,,,,
14.9,21.6,8.8,1017.4,76,0.8,0.9,7.6,412.51,0.67,172.75
,,,,,,,,,,
14.7,21.6,10.2,1018.1,97,0.6,3.1,9.4,412,0.84,146.7916667
,,,,,,,,,,
15,16.8,13.6,1017.5,94,0.5,0.9,7.6,475.56,0.25,113.875
,,,,,,,,,,
9.8,17.6,6.4,1016.6,90,0.5,3.9,11.1,458.47,0.62,227
,,,,,,,,,,
10.1,14.5,7.2,1019.2,90,0.3,3.3,7.6,658.12,0.52,231.25
,,,,,,,,,,
10.5,16.3,6.8,1020.1,84,0.5,1.5,5.4,475.21,0.53,272.125
,,,,,,,,,,
12.3,18.3,4,1017.1,81,0.5,4.8,9.4,412.3,0.81,228.7916667
,,,,,,,,,,
12.1,18.3,9,1017.5,86,0.6,5.2,9.4,580.25,0.65,200.875
,,,,,,,,,,
12.3,19,5.8,1019.3,82,0.5,0.9,7.6,515.88,0.63,214.0416667
,,,,,,,,,,
13.9,21.6,9.4,1019,79,1,1.9,14.8,420.58,0.7,217.25
,,,,,,,,,,
13.4,20.7,9.8,1020.1,80,0.8,7.2,11.1,521.36,0.62,212.4583333
,,,,,,,,,,
13.3,17.5,9.5,1021.2,79,0.8,3.7,7.6,498.3,0.4,202.6666667
,,,,,,,,,,
13.1,18.3,8.5,1020.6,80,0.8,4.1,14.8,442.58,0.62,138.7916667
,,,,,,,,,,
13.7,18.3,11.6,1019.9,91,0.6,0.9,7.6,725,0.51,153.0833333
,,,,,,,,,,
13.3,18.4,9.8,1019.3,79,1,5.2,14.8,683.25,0.82,159.7083333
,,,,,,,,,,
13.8,21.5,7.2,1018,60,2.4,9.1,24.1,681.24,0.62,151.875
,,,,,,,,,,
15.1,24,6.7,1017.6,66,1.3,5,11.1,658.89,0.61,224.7916667
,,,,,,,,,,
17.3,23.8,10.4,1017.5,70,1,11.9,18.3,450.6,0.75,177.625
,,,,,,,,,,
16.7,23.8,13,1020.7,75,0.8,7.2,14.8,568.56,0.64,149.625
,,,,,,,,,,
15.7,25.6,7.4,1016.9,68,1.4,1.9,7.6,562.3,0.85,161.1666667
,,,,,,,,,,
16.7,25.6,9.3,1017.5,66,1.4,4.4,13,432.89,0.66,136.75
,,,,,,,,,,
16.9,25.5,10.5,1019.9,65,2.3,5.6,22.2,525.38,0.25,50.91666667
,,,,,,,,,,
17.2,25.5,9.3,1012.8,61,2.4,6.7,20.6,435.38,0.35,120.2083333
,,,,,,,,,,
19.3,28.6,10.6,1009.5,65,2.6,4.3,14.8,488.56,0.44,137.125
,,,,,,,,,,
18.9,28.6,11.2,1012.8,73,0.8,1.5,7.6,410.8,0.41,197.0833333
,,,,,,,,,,
22.9,29.3,17,1012.4,78,1.6,7.6,14.8,458.52,0.55,166.375
,,,,,,,,,,
22.8,29.3,18,1013.7,72,1.9,7.2,14.8,624.25,0.52,126.5833333
,,,,,,,,,,
21.9,29.1,15.2,1014.1,69,2.3,11.3,18.3,415.86,0.62,94.91666667
,,,,,,,,,,
23.2,28.6,18.4,1008.5,65,1.4,6.5,13,521.32,0.88,133.9583333
,,,,,,,,,,
20,27.6,14.5,1009.8,42,1.9,6.7,11.1,528.65,0.56,69.25
,,,,,,,,,,
19.2,27.6,11.1,1013,49,2.6,5.7,11.1,429.35,0.52,79.29166667
,,,,,,,,,,
17.3,19,15.2,1011,94,1.8,14.8,24.1,624.38,0.62,31.625
,,,,,,,,,,
17.4,22.1,14.6,1012.6,92,1.9,6.7,16.5,612.85,0.61,20.41666667
,,,,,,,,,,
16.1,22.1,12.8,1013.8,84,1.8,5.6,13,518.85,0.64,61.125
,,,,,,,,,,
18.6,27.3,12.5,1014,79,2.6,3.9,13,482.65,0.54,49.58333333
,,,,,,,,,,
19.4,27.6,14,1015.2,79,2.3,7.8,18.3,582.64,0.82,34.91666667
,,,,,,,,,,
18.1,24.1,13.3,1021.1,60,2.7,12.2,20.6,702.03,0.75,47.5
,,,,,,,,,,
21.3,28.3,14.2,1014.7,70,1.6,4.1,9.4,698.21,0.86,128.8333333
,,,,,,,,,,
21.6,27.3,15.8,1015.3,71,2.6,7.8,20.6,645.28,0.46,56.33333333
,,,,,,,,,,
17.7,27.3,16,1015.3,92,1.9,11.5,18.3,485.96,0.86,20.29166667
,,,,,,,,,,
21.1,28.3,14,1014.8,69,2.4,5.4,13,528.65,0.35,59.16666667
,,,,,,,,,,
22.5,30.2,14.5,1014.8,68,2.6,9.1,22.2,412.58,0.53,83.83333333
,,,,,,,,,,
24.9,31.7,15.8,1014.8,65,2.6,5.9,13,612.58,0.46,89.375
,,,,,,,,,,
26.8,35.1,18.5,1011.7,68,2.3,2.6,11.1,652.89,0.4,101.375
,,,,,,,,,,
28.6,36.5,20.3,1012.4,59,1.8,9.3,55.4,634.56,0.32,109.75
,,,,,,,,,,
27.7,35.6,20.4,1011.7,54,2.7,7.4,24.1,642.85,0.6,42.91666667
,,,,,,,,,,
25.1,30.8,19,1010.4,70,2.1,3.7,11.1,411.85,0.85,47.25
,,,,,,,,,,
26.4,32.5,20.3,1007.4,64,1.9,2.4,9.4,465.28,0.42,81.20833333
,,,,,,,,,,
28.7,34.7,21,1004.7,53,1.9,9.4,18.3,439.52,0.56,52.29166667
,,,,,,,,,,
24.4,34.7,19,1004.6,76,3.1,7,14.8,448.15,0.21,28.45833333
,,,,,,,,,,
23.9,31.4,19.2,1010.2,69,1.9,9.8,13,468.1,0.45,49.5
,,,,,,,,,,
25.2,32.2,18.2,1012,56,2.6,6.7,16.5,549.52,0.82,75.16666667
,,,,,,,,,,
25.8,32.5,18.6,1010.3,58,2.7,9.1,24.1,517.63,0.74,53.125
,,,,,,,,,,
24.9,32.2,19,1013.7,74,2.3,7,13,501.74,0.56,54.70833333
,,,,,,,,,,
26.4,32.5,20,1012.8,68,2.6,3,11.1,508.69,0.85,52.625
,,,,,,,,,,
27.6,34.3,20.8,1013,65,3.1,5.9,14.8,511.37,0.54,51.375
,,,,,,,,,,
32,40.6,21.6,1003.9,45,2.7,4.3,9.4,589.35,0.41,94.33333333
,,,,,,,,,,
32.8,40.6,26,1005.8,45,1.9,7.2,11.1,410.28,0.57,92.91666667
,,,,,,,,,,
31.8,39.6,25.4,1005.6,35,1.9,11.1,27.8,582.96,0.63,80.20833333
,,,,,,,,,,
30.4,39.1,22.2,1005.9,51,1.9,13,22.2,506.84,0.51,71.66666667
,,,,,,,,,,
28.8,37.1,22.8,1008,59,1.9,15.7,25.9,406.38,0.72,31.83333333
,,,,,,,,,,
30.2,37.1,23.5,1006.7,59,1.9,17.6,33.5,415.82,0.68,47.66666667
,,,,,,,,,,
31.2,39.4,24.2,1005.8,52,2.7,5.4,14.8,462.153,0.51,48.125
,,,,,,,,,,
30.2,37.6,23.6,1006.3,47,2.6,4.4,11.1,644.25,0.65,56.25
,,,,,,,,,,
30.9,38.9,21.7,1006.7,44,2.7,3,11.1,6655.14,0.24,103.4166667
,,,,,,,,,,
35.7,42.7,27.6,1003.4,21,1.9,14.4,27.8,682.14,0.65,76.875
,,,,,,,,,,
34.1,42.7,27,1003.2,29,1.9,12.2,27.8,516.85,0.84,86.375
,,,,,,,,,,
35.1,42.7,25.7,1001.6,35,2.3,8.3,18.3,425.18,0.61,77.70833333
,,,,,,,,,,
28.3,38.7,23.8,1006.5,65,2.4,7.8,14.8,432.58,0.74,48.5
,,,,,,,,,,
29.9,35.9,22,1007.4,56,2.6,4.4,11.1,518.56,0.65,55.08333333
,,,,,,,,,,
28.7,35.8,24.2,1006.5,58,1.9,7,18.3,528.63,0.54,67.45833333
,,,,,,,,,,
31.4,41.5,24.9,1002.2,50,1.8,14.8,50,536.46,0.56,18.875
,,,,,,,,,,
33.2,41.5,22.4,1002,38,2.4,14.6,22.2,557.62,0.84,61.5
,,,,,,,,,,
35.8,42.6,27,1000.4,30,2.6,11.3,24.1,524.86,0.51,68.91666667
,,,,,,,,,,
37.8,45.5,28,996.7,29,2.6,10.9,22.2,478.58,0.62,77.375
,,,,,,,,,,
35.3,45.5,24.4,999.2,33,2.3,17,55.4,458.75,0.42,63.91666667
,,,,,,,,,,
33.8,45,24.8,1001.3,26,2.6,6.7,18.3,415.75,0.73,63.66666667
,,,,,,,,,,
35.3,40.6,28.9,1000.7,30,1.9,15.2,27.8,436.25,0.48,63.625
,,,,,,,,,,
30.1,40.6,23.5,1002.2,47,1.9,14.3,29.4,689.56,0.75,25.45833333
,,,,,,,,,,
31.6,39.9,22.2,1003.4,46,1.9,8.5,20.6,695.23,0.76,20.75
,,,,,,,,,,
28.7,34.1,23.6,1004.3,59,1.9,6.7,11.1,639.56,0.65,40.5
,,,,,,,,,,
35.1,42.5,26,999.4,42,2.6,7.2,16.5,624.51,0.35,64.83333333
,,,,,,,,,,
36.3,42.9,27.7,998.7,38,2.6,6.3,22.2,562.45,0.61,63
,,,,,,,,,,
37.6,42.4,30,998.8,32,1.9,18.7,27.8,524.58,0.81,73.83333333
,,,,,,,,,,
31.9,41.6,28,998.8,52,2.3,9.4,14.8,643.86,0.52,31.875
,,,,,,,,,,
27,39.7,20.5,1000.2,82,1.9,3.9,13,624.52,0.56,54.95833333
,,,,,,,,,,
30.8,34.9,25.5,999.4,66,1.9,3.1,9.4,615.85,0.81,77.75
,,,,,,,,,,
35.9,41.6,29,996.7,54,1.9,8.5,18.3,613.54,0.69,75.33333333
,,,,,,,,,,
33,42.3,27.2,997.8,56,1.9,13,25.9,614.25,0.58,32.58333333
,,,,,,,,,,
30.4,34.4,25.3,997,70,1.9,5.6,20.6,665.55,0.36,28.375
,,,,,,,,,,
26.5,36.8,22.4,994.9,86,1.8,6.3,11.1,648.87,0.49,28.54166667
,,,,,,,,,,
31.5,36.8,24,994.7,62,1.8,11.7,22.2,486.25,0.75,51.04166667
,,,,,,,,,,
32.7,38,27,996.9,56,1.9,14.1,29.4,458.62,0.68,40
,,,,,,,,,,
31.9,37.8,25,1001.8,61,1.9,4.3,9.4,411.78,0.48,37.58333333
,,,,,,,,,,
33.8,38.9,27,1001.1,54,1.9,7,13,562.85,0.56,37.625
,,,,,,,,,,
33.4,39.8,27.6,999.7,54,1.9,13,25.9,522.11,0.82,34.375
,,,,,,,,,,
28.3,33.6,23.3,998.4,87,1.9,1.7,7.6,542.35,0.53,42.29166667
,,,,,,,,,,
31.2,35.8,24.8,998.6,77,1.9,2.8,11.1,568.95,0.64,45.66666667
,,,,,,,,,,
29.7,35.8,25.2,998.9,82,1.9,2.6,9.4,498.11,0.54,40.625
,,,,,,,,,,
29.9,33.7,23.3,1000.6,78,2.6,4.8,11.1,586.42,0.67,26.875
,,,,,,,,,,
31.1,35.6,26.4,998.5,73,1.9,10.9,18.3,514.25,0.84,30.70833333
,,,,,,,,,,
33.4,37,27,994.1,61,1.9,17.2,29.4,523.18,0.25,10.20833333
,,,,,,,,,,
30.1,34.7,26,997.7,76,1.9,0.7,5.4,416.86,0.62,43.04166667
,,,,,,,,,,
29.1,34.7,24.4,999.2,82,1.9,4.8,11.1,592.48,0.52,19.41666667
,,,,,,,,,,
31.5,35.7,25.7,999.9,74,1.9,8.1,13,572.47,0.53,8.416666667
,,,,,,,,,,
31.3,36.5,27.3,999.3,73,2.7,8.7,14.8,657.45,0.81,0
,,,,,,,,,,
30,36.6,27,998.8,76,2.6,16.9,25.9,563.41,0.65,0
,,,,,,,,,,
29.7,34.7,24.6,1000.2,74,2.7,11.3,18.3,582.59,0.63,4.833333333
,,,,,,,,,,
28.9,31.6,25,999.7,77,1.9,4.1,14.8,465.89,0.7,15.375
,,,,,,,,,,
28.4,32.6,25.4,1002.7,77,1.9,0.9,7.6,413.25,0.62,19.83333333
,,,,,,,,,,
29.8,33.9,25,1003.5,75,1.9,2.6,7.6,572.85,0.4,25.79166667
,,,,,,,,,,
31.6,35.5,25.4,1001.9,63,1.9,5.4,11.1,568.15,0.62,22.70833333
,,,,,,,,,,
29.4,34.4,26.4,999.9,86,1.8,2.2,14.8,698.23,0.51,31.33333333
,,,,,,,,,,
28.8,34.4,25.3,1001.7,88,1.6,1.7,7.6,695.15,0.82,47.41666667
,,,,,,,,,,
27.5,30.8,25,1000.2,92,1.3,3,7.6,459.86,0.62,33.79166667
,,,,,,,,,,
31.9,35.8,28,1001.8,75,1.9,0.4,3.5,526.46,0.61,39.04166667
,,,,,,,,,,
30.9,35.8,28.6,1001.8,78,1.9,3.3,14.8,582.75,0.75,41.70833333
,,,,,,,,,,
31.6,35.6,25.8,1002.7,67,2.9,13,22.2,584.71,0.64,12.25
,,,,,,,,,,
30.9,35.5,27.7,1001.5,66,1.9,14.6,27.8,458.69,0.85,14.5
,,,,,,,,,,
29.5,34.5,27.6,1002,77,1.9,8.5,18.3,593.26,0.66,23.91666667
,,,,,,,,,,
32,35.6,27,1000.9,64,3.4,10,20.6,564.15,0.25,27.375
,,,,,,,,,,
31.9,36.2,28,1001.1,68,2.6,4.8,14.8,528.36,0.35,29.20833333
,,,,,,,,,,
32.4,36.9,28.1,1001.9,68,2.7,5.4,11.1,536.86,0.44,36.5
,,,,,,,,,,
32.2,36.8,28.4,1002,61,2.6,14.6,24.1,526.2,0.41,27.83333333
,,,,,,,,,,
32.1,36.6,28,1000.8,56,1.9,15.4,25.9,456.82,0.55,44.125
,,,,,,,,,,
31.9,36.6,27.5,1001.7,54,1.9,12.8,24.1,482.36,0.52,62.25
,,,,,,,,,,
31.4,36.5,27.6,1005.5,56,1.9,11.7,25.9,412.51,0.58,60.125
,,,,,,,,,,
31.5,36.9,26.6,1005.7,53,1.9,9.4,22.2,412,0.88,34.66666667
,,,,,,,,,,
31.9,36.9,26.8,1005.8,54,2.7,11.9,35.2,475.56,0.56,39.20833333
,,,,,,,,,,
31,36.7,26.4,1005.7,54,2.6,10.2,31.7,458.47,0.52,38.70833333
,,,,,,,,,,
32.2,37.9,27.3,1005.8,61,1.9,1.3,3.5,658.12,0.62,69.95833333
,,,,,,,,,,
31.8,37.9,26.8,1003.5,59,1.9,2.6,9.4,475.21,0.61,94.375
,,,,,,,,,,
32.9,38,27.5,1003.3,62,1.9,0.4,3.5,412.3,0.64,85.75
,,,,,,,,,,
30.4,35.9,26,1003.6,78,1.6,2,7.6,515.88,0.54,51.66666667
,,,,,,,,,,
29.1,34.8,27.2,1003.4,76,1.9,4.6,11.1,420.58,0.82,39.41666667
,,,,,,,,,,
30.2,36.5,26.2,1002.3,70,1.9,5.7,14.8,521.36,0.75,23.95833333
,,,,,,,,,,
28.4,33.9,23.5,1003.8,55,2.6,8.5,20.6,498.3,0.86,43.5
,,,,,,,,,,
29.4,35.1,23.7,1005.3,60,2.3,6.3,14.8,442.58,0.46,50.41666667
,,,,,,,,,,
28.6,35.2,25,1007.2,64,2.3,3,9.4,725,0.86,55.70833333
,,,,,,,,,,
28.1,35.3,21.5,1011.8,56,2.6,5.6,13,683.25,0.35,57.125
,,,,,,,,,,
28.6,35.6,22.7,1009,72,1.9,6.5,18.3,681.24,0.53,112.2916667
,,,,,,,,,,
28.5,35.4,23.2,1007.3,70,1.9,4.4,14.8,658.89,0.46,97.70833333
,,,,,,,,,,
28.6,36,21.8,1004.3,65,1.9,6.1,24.1,450.6,0.4,80.70833333
,,,,,,,,,,
29.6,35.5,25,1011,69,1.9,3.7,9.4,568.56,0.32,81.625
,,,,,,,,,,
28.2,34.9,22.9,1012.7,70,1.9,3.9,9.4,562.3,0.6,65.375
,,,,,,,,,,
27.6,34.9,21.5,1013.6,71,1.8,0.4,3.5,432.89,0.85,84.375
,,,,,,,,,,
28.2,36.1,21.9,1011.7,70,1.9,3.5,9.4,525.38,0.42,141.9583333
,,,,,,,,,,
27.7,36.2,22.9,1009.9,69,1.9,3,9.4,435.38,0.56,153.375
,,,,,,,,,,
26.6,36.2,21,1012,68,1.6,2,7.6,488.56,0.21,162.875
,,,,,,,,,,
26.4,34.4,18.3,1012.8,53,2.1,5.4,14.8,410.8,0.45,0
,,,,,,,,,,
25.4,34.4,20.3,1015,59,1.9,5.6,16.5,458.52,0.82,49.33333333
,,,,,,,,,,
24.7,33.3,18.5,1014,61,2.3,3.5,7.6,624.25,0.74,107.3333333
,,,,,,,,,,
22.3,29.8,15.6,1016,73,1.6,1.1,5.4,415.86,0.56,273.625
,,,,,,,,,,
22.9,31.4,16.2,1016.1,73,1.4,0.9,3.5,521.32,0.85,256.9583333
,,,,,,,,,,
23.4,31.8,17.3,1015.8,75,1.6,0.4,3.5,528.65,0.54,185.0833333
,,,,,,,,,,
23.9,31.8,18.6,1014.2,73,1.8,0.4,1.9,429.35,0.41,249.5
,,,,,,,,,,
21.9,30.2,16.1,1014.8,79,0.5,1.1,7.6,624.38,0.57,365.75
,,,,,,,,,,
21.9,29,17.1,1016,75,1.1,1.9,5.4,612.85,0.63,241.875
,,,,,,,,,,
22.1,29.8,16.1,1015,77,1.3,0.7,3.5,518.85,0.51,176.875
,,,,,,,,,,
22.3,29.3,16.1,1014.9,64,0.8,5.4,18.3,482.65,0.72,353.0416667
,,,,,,,,,,
22.4,29.8,16.5,1012,65,1.1,3.5,13,582.64,0.68,257.4166667
,,,,,,,,,,
18.5,27.7,11.5,1017.6,68,1.3,0.9,7.6,702.03,0.51,207.8333333
,,,,,,,,,,
18.6,27.7,11.4,1016.4,69,1.1,0.4,3.5,698.21,0.65,268.1666667
,,,,,,,,,,
18.8,28.5,11.5,1015.4,69,0.8,1.3,3.5,645.28,0.24,278.3333333
,,,,,,,,,,
19.3,28,13,1014.7,61,1.9,5.7,18.3,485.96,0.65,157.5
,,,,,,,,,,
20,29.1,11.9,1012.6,64,1.4,0.9,7.6,528.65,0.84,156.375
,,,,,,,,,,
18.4,29.1,13.5,1011.4,71,1.3,2.6,7.6,412.58,0.61,200.5
,,,,,,,,,,
19.3,28,13.8,1014.7,81,0.6,1.7,7.6,612.58,0.74,212.125
,,,,,,,,,,
17.9,26.2,13.5,1016.2,75,0.8,2,11.1,652.89,0.65,190.5
,,,,,,,,,,
17.6,24.6,11.2,1016.1,75,0.8,7,18.3,634.56,0.54,236.4166667
,,,,,,,,,,
17.8,26.2,11,1017.1,79,0.6,2,7.6,642.85,0.56,286.375
,,,,,,,,,,
20.2,27,12,1015.8,68,1,1.3,5.4,411.85,0.84,288.0833333
,,,,,,,,,,
19.2,26.9,11.6,1015.4,78,1,4.8,14.8,465.28,0.51,302.4583333
,,,,,,,,,,
14.8,21,6.8,1016.4,63,2.4,5.4,13,439.52,0.62,163
,,,,,,,,,,
14.6,21.3,6,1017.1,59,2.6,8.1,14.8,448.15,0.42,161.375
,,,,,,,,,,
15.2,22.2,7,1016.5,60,2.4,7,14.8,468.1,0.73,157.375
,,,,,,,,,,
14.4,21.1,6.8,1019.1,65,1.6,5.6,13,549.52,0.48,245.9166667
,,,,,,,,,,
12.6,21,0,1018.9,68,1.4,2.6,9.4,517.63,0.75,264.5833333
,,,,,,,,,,
13.7,21,5.6,1018.8,71,1.3,1.5,7.6,501.74,0.76,253.2916667
,,,,,,,,,,
13.3,19.3,5.5,1021.9,62,1.9,7.8,14.8,508.69,0.65,181.2083333
,,,,,,,,,,
14.4,21.5,5.5,1021,60,1.8,8.9,18.3,511.37,0.35,210.875
,,,,,,,,,,
16.3,22.5,7.6,1020.6,64,1.4,8.1,14.8,589.35,0.61,255.3333333
,,,,,,,,,,
16.9,25.1,6.6,1021.3,65,1.1,2,7.6,410.28,0.81,284.7958333
,,,,,,,,,,
15.5,24.1,7.7,1021,71,1.1,3.5,11.1,582.96,0.52,219.7208333
,,,,,,,,,,
14.9,22.8,8,1018.4,73,1.1,5.9,13,506.84,0.56,182.1875
,,,,,,,,,,
18.3,24.7,11.5,1018.1,85,0.5,1.1,7.6,406.38,0.81,154.0375
,,,,,,,,,,
16.5,24.7,12,1017.4,82,0.6,8,13,415.82,0.69,223.2083333
,,,,,,,,,,
16.6,22.2,10.2,1015.4,65,1.8,10,20.6,462.153,0.58,200.6458333
,,,,,,,,,,
18.2,25.1,12,1014.4,77,0.6,5,11.1,644.25,0.36,285.225
,,,,,,,,,,
15.6,23.2,10.9,1015.6,82,0.6,4.3,9.4,6655.14,0.49,236.825
,,,,,,,,,,
13,19,9.6,1016.9,85,0.8,10.7,16.5,682.14,0.75,276.9083333
,,,,,,,,,,
12.3,19,8.9,1015.8,91,0.5,4.6,9.4,516.85,0.68,108
,,,,,,,,,,
11.9,15.7,7.5,1018.9,86,0.8,6.1,11.1,425.18,0.48,107.625
,,,,,,,,,,
12,17,6.7,1019.8,75,1.3,7.6,13,432.58,0.56,125.8916667
,,,,,,,,,,
11.7,18,6.4,1017.3,76,0.8,4.4,13,518.56,0.82,181.0125
,,,,,,,,,,
14.6,21,6.8,1015.6,81,0.6,2.4,7.6,528.63,0.53,152.5541667
,,,,,,,,,,
17.7,24,9,1014.5,69,1.4,4.4,9.4,536.46,0.64,152.3208333
,,,,,,,,,,
17.4,27.2,12.2,1016.4,79,1.1,7.8,18.3,557.62,0.54,319.7375
,,,,,,,,,,
15.9,22.4,8.4,1017.6,66,2.4,7.2,16.5,524.86,0.67,332.7083333
,,,,,,,,,,
15.2,22.6,6.6,1018.2,56,1.9,8.9,22.2,478.58,0.84,279.6
,,,,,,,,,,
12.7,19.5,8,1017.6,69,1.3,8.3,18.3,458.75,0.25,179.1166667
,,,,,,,,,,
15.6,24.6,10.7,1015.7,81,1.3,2.8,9.4,415.75,0.62,54.79166667
,,,,,,,,,,
17.1,23.2,9,1017.1,69,1.8,5.9,11.1,436.25,0.52,93.375
,,,,,,,,,,
17.6,24,10.1,1014.8,67,1.4,5.9,14.8,689.56,0.53,103
,,,,,,,,,,
17.2,26,11.5,1014.7,65,2.3,5.7,14.8,695.23,0.81,132.2083333
,,,,,,,,,,
17.7,24.4,9.7,1017,64,2.1,8,18.3,639.56,0.65,127.7083333
,,,,,,,,,,
17.4,24.4,10.1,1018.9,61,2.3,6.1,11.1,624.51,0.63,109.3333333
,,,,,,,,,,
23.1,30,15.6,1014.9,71,1.4,4.1,9.4,562.45,0.7,56.45833333
,,,,,,,,,,
23.7,29.8,18.7,1014,75,1.4,11.1,18.3,524.58,0.62,135.8333333
,,,,,,,,,,
20.9,27.8,15.8,1014.4,62,2.6,17.2,27.8,643.86,0.4,122.5
,,,,,,,,,,
22.6,30.3,11.5,1015.4,57,2.4,5.4,11.1,624.52,0.62,69.66666667
,,,,,,,,,,
22.7,30.4,12.8,1017.7,56,2.6,2.4,7.6,615.85,0.51,79.83333333
,,,,,,,,,,
22.7,30.6,13,1018.4,58,2.4,3.3,7.6,613.54,0.82,62.70833333
,,,,,,,,,,
25,31,15,1015.7,59,1.9,1.7,5.4,614.25,0.62,1.916666667
,,,,,,,,,,
24.9,32.4,15.2,1015,57,1.9,1.7,9.4,665.55,0.61,1.833333333
,,,,,,,,,,
26.8,33.4,15.7,1014.5,52,2.4,4.6,9.4,648.87,0.75,1.791666667
,,,,,,,,,,
23.7,29.1,15.8,1011.9,67,2.1,5.2,11.1,486.25,0.64,117.5833333
,,,,,,,,,,
23.4,29.1,17,1011.4,63,2.1,6.7,16.5,458.62,0.85,122.7083333
,,,,,,,,,,
24.3,29,15.6,1011.7,56,1.9,10,18.3,411.78,0.66,76.54166667
,,,,,,,,,,
24.3,31,16.8,1010.8,66,3.4,6.9,14.8,562.85,0.25,59.20833333
,,,,,,,,,,
22.4,29.5,17.1,1014.1,68,3.4,6.3,16.5,522.11,0.35,77.20833333
,,,,,,,,,,
24.1,29.2,14.5,1014.4,59,2.4,8.5,18.3,542.35,0.44,87.83333333
,,,,,,,,,,
26.8,33,19,1008.8,61,2.3,3.5,11.1,568.95,0.41,123.7083333
,,,,,,,,,,
27.1,33,19,1009.9,61,2.6,2.8,13,498.11,0.55,64.79166667
,,,,,,,,,,
26.5,32.8,19.5,1010.5,45,2.9,12.2,25.9,586.42,0.52,62.875
,,,,,,,,,,
29.8,36.2,18.2,1012.7,52,2.4,3.3,7.6,514.25,0.56,52.04166667
,,,,,,,,,,
24.7,36.6,19.7,1012.8,66,2.4,9.4,14.8,523.18,0.52,128.3333333
,,,,,,,,,,
26.2,32,19.5,1012.5,56,3.1,9.1,14.8,416.86,0.62,87.58333333
,,,,,,,,,,
29.9,37,19.5,1008.3,39,2.7,4.4,9.4,592.48,0.61,23.20833333
,,,,,,,,,,
30.4,37.5,21.6,1006.3,41,2.6,12,27.8,572.47,0.64,15.16666667
,,,,,,,,,,
32.3,39,21.5,1007.3,39,3.4,5.4,13,657.45,0.54,21.25
,,,,,,,,,,
33.4,39.1,24.8,1008,47,2.1,2.6,7.6,563.41,0.82,25.75
,,,,,,,,,,
29.5,36.9,21.5,1007.2,41,2.3,11.3,16.5,582.59,0.75,105.3333333
,,,,,,,,,,
29.3,36,18.8,1008.8,37,3.2,4.8,11.1,465.89,0.86,117.75
,,,,,,,,,,
30.9,37,19,1008.9,33,2.6,6.9,14.8,413.25,0.46,20.79166667
,,,,,,,,,,
31.6,38,23.2,1002.6,30,3.1,18.7,35.2,572.85,0.86,46.91666667
,,,,,,,,,,
33.1,39,24,1003,26,2.6,10.4,24.1,568.15,0.35,104.625
,,,,,,,,,,
33.6,40,23,1003.8,27,2.4,9.8,18.3,698.23,0.53,109.625
,,,,,,,,,,
34,40.6,26.3,1005.5,29,2.6,13.9,22.2,695.15,0.46,0
,,,,,,,,,,
33.9,39.6,25.8,1002.7,28,2.7,15.7,29.4,459.86,0.4,30.875
,,,,,,,,,,
33.3,39.4,24.8,1000.7,28,3.1,8.3,18.3,526.46,0.32,75.58333333
,,,,,,,,,,
33.4,40,21.2,1006.3,27,2.6,3.7,14.8,582.75,0.6,0
,,,,,,,,,,
33.2,40.3,22.2,1005.1,29,2.3,5,14.8,584.71,0.85,0
,,,,,,,,,,
34,40.7,22.2,1004.6,24,2.4,11.9,22.2,458.69,0.42,0
,,,,,,,,,,
34.7,41.5,22,1001.7,24,2.3,8.5,16.5,593.26,0.56,142.5
,,,,,,,,,,
38,44,23.8,1001.1,20,2.6,9.6,29.4,564.15,0.21,133.375
,,,,,,,,,,
35.4,44,28,1003.2,35,2.7,6.5,18.3,528.36,0.45,102.4166667
,,,,,,,,,,
33.2,38,25,1004.6,41,2.7,4.6,9.4,536.86,0.82,158.2916667
,,,,,,,,,,
35.1,39.2,25.3,1005.1,40,2.4,7.2,11.1,526.2,0.74,149.5833333
,,,,,,,,,,
33.8,39.8,27.6,1005.5,44,2.4,9.8,16.5,456.82,0.56,107.2916667
,,,,,,,,,,
37.1,42,27.5,1000.7,30,2.9,8.3,18.3,482.36,0.85,106.5
,,,,,,,,,,
36.5,43,27,1001.8,35,2.6,4.1,22.2,412.51,0.54,128.125
,,,,,,,,,,
37.3,42.4,27.4,1002.4,32,2.6,4.8,14.8,412,0.41,108
,,,,,,,,,,
37.3,43.7,28.6,997.4,44,2.6,9.4,22.2,475.56,0.57,98.41666667
,,,,,,,,,,
37.3,42.8,31.2,996.2,49,2.6,8.3,14.8,458.47,0.63,94.375
,,,,,,,,,,
36.2,41.5,30.7,995.3,50,2.9,10.9,18.3,658.12,0.51,118.5
,,,,,,,,,,
32.9,39,27.4,996.6,50,2.4,9.4,27.8,475.21,0.72,110.4166667
,,,,,,,,,,
34.6,39,26,998.4,49,2.4,6.7,16.5,582.65,0.68,95.83333333
,,,,,,,,,,
37.4,41,30.6,998.8,31,1.9,14.1,27.8,412.3,0.51,93.5
,,,,,,,,,,
32.7,37.5,24.7,1002.3,55,2.4,7.4,18.3,515.88,0.65,38.66666667
,,,,,,,,,,
36,40,26.6,1001.7,46,3.1,9.1,22.2,420.58,0.24,45.375
,,,,,,,,,,
37.7,42,30.7,1000.9,37,2.6,11.9,22.2,521.36,0.65,65.16666667
,,,,,,,,,,
37.6,43,28.7,1001.2,42,2.4,2.8,11.1,498.3,0.84,67.08333333
,,,,,,,,,,
34.6,40.3,28.7,1001.1,51,2.7,10.2,25.9,442.58,0.61,77.66666667
,,,,,,,,,,
35.9,41,28.6,998.6,50,2.6,8.5,18.3,725,0.74,70.25
,,,,,,,,,,
35.7,41.2,30,997.6,48,2.3,9.3,27.8,683.25,0.65,75.125
,,,,,,,,,,
36,41,27.6,997.7,46,2.4,12.8,25.9,681.24,0.54,77
,,,,,,,,,,
32.6,40.7,26,996.9,59,2.6,11.9,29.4,658.89,0.56,32.95833333
,,,,,,,,,,
34.7,38,30.5,995.4,55,2.4,10.4,18.3,450.6,0.84,40.83333333
,,,,,,,,,,
35.6,40,30,1000.7,57,3.1,9.4,25.9,568.56,0.51,90.70833333
,,,,,,,,,,
31.1,40.1,26,999.8,74,2.4,7.6,14.8,562.3,0.62,97.29166667
,,,,,,,,,,
32.9,38.6,27,999.7,64,2.4,8.9,16.5,432.89,0.42,79.83333333
,,,,,,,,,,
35.5,39.9,31.2,999.7,60,2.4,9.8,18.3,525.38,0.73,40.375
,,,,,,,,,,
34.9,39.6,29.6,999.6,61,2.4,7.8,14.8,435.38,0.48,49.41666667
,,,,,,,,,,
34.4,39.4,26,998.3,63,2.3,8,14.8,488.56,0.75,43.66666667
,,,,,,,,,,
32.2,39.8,25.4,995.4,73,2.3,8.3,14.8,410.8,0.76,0
,,,,,,,,,,
28.4,36.6,24.4,998.1,82,2.4,5.2,9.4,458.52,0.65,29.66666667
,,,,,,,,,,
29.6,32,25.7,997.6,80,2.3,2,7.6,624.25,0.35,47.75
,,,,,,,,,,
33.6,36.7,28.8,996.7,66,5.8,5.9,11.1,415.86,0.61,43.66666667
,,,,,,,,,,
30.7,36.9,28.8,996.8,78,2.3,5.4,27.8,521.32,0.81,29.83333333
,,,,,,,,,,
33.3,37,27.8,996.2,68,2.6,6.7,11.1,528.65,0.52,29.66666667
,,,,,,,,,,
31.1,34.2,27.8,997.8,78,2.6,6.9,24.1,429.35,0.56,37.625
,,,,,,,,,,
30.4,35.4,26.7,997.8,82,2.1,5.2,14.8,624.38,0.81,41.45833333
,,,,,,,,,,
31,35.2,26,997.9,80,2.4,7.2,18.3,612.85,0.69,53.125
,,,,,,,,,,
32.4,35.2,26.2,999,72,2.9,13.5,25.9,518.85,0.58,36
,,,,,,,,,,
34.1,37,28.5,998.5,63,3.2,13,22.2,482.65,0.36,70.58333333
,,,,,,,,,,
34.1,37.2,29,998.4,61,2.6,11.5,22.2,582.64,0.49,52.45833333
,,,,,,,,,,
31.9,35,28.3,1001.3,72,2.1,2.8,9.4,702.03,0.75,38.25
,,,,,,,,,,
30.3,35,27.6,1002.6,83,2.3,6.5,16.5,698.21,0.68,26.58333333
,,,,,,,,,,
28.3,35.8,26.8,1003.9,89,1.6,4.3,11.1,645.28,0.48,57.58333333
,,,,,,,,,,
29.2,31,26,1000,85,1.8,4.6,13,485.96,0.56,41.375
,,,,,,,,,,
29.1,32.6,26.4,998.6,85,1.8,5.9,13,528.65,0.82,25.54166667
,,,,,,,,,,
30.9,35,26,997.4,73,2.6,6.5,11.1,412.58,0.53,28.375
,,,,,,,,,,
32.6,36,26.2,997.8,66,3.4,5.6,9.4,612.58,0.64,40.33333333
,,,,,,,,,,
33.3,36,26.4,999.7,67,3.2,7.8,18.3,652.89,0.54,35.375
,,,,,,,,,,
33.4,36.5,28.6,999.9,66,2.9,9.8,16.5,634.56,0.67,31.91666667
,,,,,,,,,,
31.2,36.7,28,997.8,75,2.7,9.1,14.8,642.85,0.84,36.79166667
,,,,,,,,,,
29.9,34,25.5,1000.2,80,1.4,3.3,11.1,411.85,0.25,26.83333333
,,,,,,,,,,
29,33.7,26,999.1,85,2.1,6.5,22.2,465.28,0.62,21.125
,,,,,,,,,,
31.3,34.5,27,997.6,71,3.2,12.2,22.2,439.52,0.52,18
,,,,,,,,,,
31.7,34,26.4,999,71,2.6,2,11.1,448.15,0.53,43.58333333
,,,,,,,,,,
32.6,36,27.6,999.6,70,2.7,10.6,20.6,468.1,0.81,46.04166667
,,,,,,,,,,
31.2,35.9,26.1,1000.4,71,3.2,8.7,18.3,549.52,0.65,28.75
,,,,,,,,,,
31,35,26.8,1004.1,76,2.6,6.1,14.8,517.63,0.63,64.91666667
,,,,,,,,,,
30.8,35.2,26.8,1005,76,2.7,3.7,18.3,501.74,0.7,30.66666667
,,,,,,,,,,
27.3,33.3,24,1002.4,89,2.1,7.8,27.8,508.69,0.62,33.16666667
,,,,,,,,,,
27.8,31,25.2,1001.3,88,2.4,4.6,7.6,511.37,0.4,30.625
,,,,,,,,,,
30.7,34,25.5,1000.1,73,2.6,13.7,22.2,589.35,0.62,30.33333333
,,,,,,,,,,
30.7,34,25,1000.5,65,3.4,12,27.8,410.28,0.51,31.75
,,,,,,,,,,
31.1,35,25,1003.1,64,3.2,10.4,18.3,582.96,0.82,0
,,,,,,,,,,
31.3,35,26,1004.6,63,3.2,11.5,18.3,506.84,0.62,0
,,,,,,,,,,
31.4,36,26.7,1006.7,65,3.1,8.3,13,406.38,0.61,83.45833333
,,,,,,,,,,
30.4,35.6,25.7,1006.5,72,2.9,4.3,14.8,415.82,0.75,71.66666667
,,,,,,,,,,
31.7,37.1,26,1003.2,63,2.9,1.7,5.4,462.153,0.64,62.375
,,,,,,,,,,
32.5,37.2,25.3,1003,59,3.1,1.7,7.6,644.25,0.85,24.875
,,,,,,,,,,
32.6,37.4,27,1005.8,63,2.6,6.3,13,6655.14,0.66,37.33333333
,,,,,,,,,,
30.7,34.8,25.6,1004.5,66,2.6,3.3,11.1,682.14,0.25,41.5
,,,,,,,,,,
31.4,35.2,26,1005.8,62,3.1,2,7.6,516.85,0.35,48.91666667
,,,,,,,,,,
31.9,36,26.5,1007.2,66,2.3,2.4,7.6,425.18,0.44,26.66666667
,,,,,,,,,,
32.4,36.4,27.5,1007.8,65,3.1,3.5,11.1,432.58,0.41,29
,,,,,,,,,,
30.3,35,24.7,1007.3,62,2.3,7.6,18.3,518.56,0.55,60.54166667
,,,,,,,,,,
29.9,35,23,1006.3,60,2.6,6.7,24.1,528.63,0.52,41.58333333
,,,,,,,,,,
30,36,22.5,1004.9,63,2.6,3,7.6,536.46,0.58,50.91666667
,,,,,,,,,,
28.6,35,19.8,1008.2,49,3.7,11.5,22.2,557.62,0.88,82.83333333
,,,,,,,,,,
28.3,35.2,19,1009.4,53,3.4,9.1,35.9,524.86,0.56,95.25
,,,,,,,,,,
26.8,35.2,17.5,1010.4,57,2.6,5.7,13,478.58,0.52,115.8333333
,,,,,,,,,,
27.6,35,17.6,1007.6,53,3.1,5.9,13,458.75,0.62,136.7083333
,,,,,,,,,,
27.7,35,18.6,1006.9,52,3.1,7.8,28.7,415.75,0.61,160.6666667
,,,,,,,,,,
27.3,35,19,1007.8,55,3.2,7.2,27.8,436.25,0.64,173.5833333
,,,,,,,,,,
27.2,34.5,19.5,1009,58,3.1,11.1,25.9,689.56,0.54,261.6666667
,,,,,,,,,,
26.4,33,18.4,1012.4,60,2.6,4.6,14.8,695.23,0.82,272.4166667
,,,,,,,,,,
25.4,33.4,16.5,1014.3,62,1.6,5,14.8,639.56,0.75,226.2916667
,,,,,,,,,,
23.7,31.7,15.5,1017.7,69,1,1.3,5.4,624.51,0.86,99.70833333
,,,,,,,,,,
23.4,31.1,14.2,1016,60,1.1,3,7.6,562.45,0.46,217.375
,,,,,,,,,,
22.6,30.6,15.8,1015.4,69,0.5,1.1,5.4,524.58,0.86,309.375
,,,,,,,,,,
23.9,32,14.5,1015.6,63,1,2,5.4,643.86,0.35,166.9166667
,,,,,,,,,,
23.2,30.2,14,1012.6,55,1.1,7.4,18.3,624.52,0.53,278
,,,,,,,,,,
22.5,29.5,15.6,1013.3,56,1.1,11.7,22.2,615.85,0.46,192.3333333
,,,,,,,,,,
21.7,30,12.2,1014.5,52,1.1,6.3,16.5,613.54,0.4,235.3333333
,,,,,,,,,,
22.2,30.2,13.6,1015.6,63,1.6,1.5,3.5,614.25,0.32,221.5416667
,,,,,,,,,,
20.8,29.3,12.1,1016.7,58,1.8,3.5,9.4,665.55,0.6,210.5416667
,,,,,,,,,,
20.7,28.8,10.6,1017.8,56,1.8,6.1,16.5,648.87,0.85,251.2083333
,,,,,,,,,,
20.8,29,10.5,1013.9,61,1.8,2.6,7.6,486.25,0.42,194.7083333
,,,,,,,,,,
22,31,10.7,1013.2,56,1.8,2.4,14.8,458.62,0.56,250.875
,,,,,,,,,,
21.4,30.6,10.8,1011.9,54,2.6,7.8,18.3,411.78,0.21,274.875
,,,,,,,,,,
24.2,31,16.5,1013,36,2.9,13.9,22.2,562.85,0.45,160
,,,,,,,,,,
22.7,30.8,13.6,1012,38,3.4,11.9,20.6,522.11,0.82,217.9166667
,,,,,,,,,,
21.4,29.6,12.7,1013.7,40,2.6,8,20.6,542.35,0.74,184.2083333
,,,,,,,,,,
19.2,25.9,11.9,1017,84,0.8,2.6,9.4,568.95,0.56,176.375
,,,,,,,,,,
18.9,25.8,11.5,1017.9,77,0.6,5,13,498.11,0.85,185.9583333
,,,,,,,,,,
19.3,27,11.7,1019.6,57,1.8,5.2,11.1,586.42,0.54,195.375
,,,,,,,,,,
17.8,24.8,11.2,1017,74,0.6,0.7,7.6,514.25,0.41,365.2916667
,,,,,,,,,,
15.8,24.3,8.7,1015.8,77,0.8,1.7,7.6,523.18,0.57,312.2083333
,,,,,,,,,,
18.2,27,7.7,1013.7,72,0.6,1.1,7.6,416.86,0.63,237.625
,,,,,,,,,,
19,27.1,10.5,1015.1,61,1.6,3.3,9.4,592.48,0.51,202.875
,,,,,,,,,,
18,26.6,10.5,1017.1,61,1.9,8,14.8,572.47,0.72,260.1666667
,,,,,,,,,,
17.2,24.2,10,1017.2,58,1.6,9.3,22.2,657.45,0.68,403.9583333
,,,,,,,,,,
16.3,23,6.6,1016.9,61,1,9.4,20.6,563.41,0.51,284.1666667
,,,,,,,,,,
18.1,24,11.2,1015.4,56,1.8,15.9,25.9,582.59,0.65,288.4166667
,,,,,,,,,,
17.8,25,10.7,1015.8,54,2.3,9.4,22.2,465.89,0.24,256.8333333
,,,,,,,,,,
13.9,24.5,11.4,1015,95,0.6,8.7,14.8,413.25,0.65,169
,,,,,,,,,,
16.3,23,9.8,1016.9,78,1.1,7.4,16.5,572.85,0.84,186.0416667
,,,,,,,,,,
16.3,23.4,9,1017.3,68,1.3,7.8,18.3,568.15,0.61,185.5833333
,,,,,,,,,,
16.9,25.1,6.6,1021.3,65,1.1,2,7.6,698.23,0.74,284.7958333
,,,,,,,,,,
15.5,24.1,7.7,1021,71,1.1,3.5,11.1,695.15,0.65,219.7208333
,,,,,,,,,,
14.9,22.8,8,1018.4,73,1.1,5.9,13,459.86,0.54,182.1875
,,,,,,,,,,
18.3,24.7,11.5,1018.1,85,0.5,1.1,7.6,526.46,0.56,154.0375
,,,,,,,,,,
16.5,24.7,12,1017.4,82,0.6,8,13,582.75,0.84,223.2083333
,,,,,,,,,,
16.6,22.2,10.2,1015.4,65,1.8,10,20.6,584.71,0.51,200.6458333
,,,,,,,,,,
18.2,25.1,12,1014.4,77,0.6,5,11.1,458.69,0.62,285.225
,,,,,,,,,,
15.6,23.2,10.9,1015.6,82,0.6,4.3,9.4,593.26,0.42,236.825
,,,,,,,,,,
13,19,9.6,1016.9,85,0.8,10.7,16.5,564.15,0.73,276.9083333
,,,,,,,,,,
12.3,19,8.9,1015.8,91,0.5,4.6,9.4,528.36,0.48,108
,,,,,,,,,,
11.9,15.7,7.5,1018.9,86,0.8,6.1,11.1,536.86,0.75,107.625
,,,,,,,,,,
12,17,6.7,1019.8,75,1.3,7.6,13,526.2,0.76,125.8916667
,,,,,,,,,,
11.7,18,6.4,1017.3,76,0.8,4.4,13,456.82,0.65,181.0125
,,,,,,,,,,
14.6,21,6.8,1015.6,81,0.6,2.4,7.6,482.36,0.35,152.5541667
,,,,,,,,,,
17.7,24,9,1014.5,69,1.4,4.4,9.4,412.51,0.61,152.3208333
,,,,,,,,,,
17.4,27.2,12.2,1016.4,79,1.1,7.8,18.3,412,0.81,319.7375
,,,,,,,,,,
15.9,22.4,8.4,1017.6,66,2.4,7.2,16.5,475.56,0.52,332.7083333
,,,,,,,,,,
15.2,22.6,6.6,1018.2,56,1.9,8.9,22.2,458.47,0.56,279.6
,,,,,,,,,,
12.7,19.5,8,1017.6,69,1.3,8.3,18.3,658.12,0.81,179.1166667
,,,,,,,,,,
15.6,24.6,10.7,1015.7,81,1.3,2.8,9.4,475.21,0.69,54.79166667
,,,,,,,,,,
17.1,23.2,9,1017.1,69,1.8,5.9,11.1,412.3,0.58,93.375
,,,,,,,,,,
17.6,24,10.1,1014.8,67,1.4,5.9,14.8,515.88,0.36,103
,,,,,,,,,,
17.2,26,11.5,1014.7,65,2.3,5.7,14.8,420.58,0.49,132.2083333
,,,,,,,,,,
17.7,24.4,9.7,1017,64,2.1,8,18.3,521.36,0.75,127.7083333
,,,,,,,,,,
17.4,24.4,10.1,1018.9,61,2.3,6.1,11.1,498.3,0.68,109.3333333
,,,,,,,,,,
23.1,30,15.6,1014.9,71,1.4,4.1,9.4,442.58,0.48,56.45833333
,,,,,,,,,,
23.7,29.8,18.7,1014,75,1.4,11.1,18.3,725,0.56,135.8333333
,,,,,,,,,,
20.9,27.8,15.8,1014.4,62,2.6,17.2,27.8,683.25,0.82,122.5
,,,,,,,,,,
22.6,30.3,11.5,1015.4,57,2.4,5.4,11.1,681.24,0.53,69.66666667
,,,,,,,,,,
22.7,30.4,12.8,1017.7,56,2.6,2.4,7.6,658.89,0.64,79.83333333
,,,,,,,,,,
22.7,30.6,13,1018.4,58,2.4,3.3,7.6,450.6,0.54,62.70833333
,,,,,,,,,,
25,31,15,1015.7,59,1.9,1.7,5.4,568.56,0.67,1.916666667
,,,,,,,,,,
24.9,32.4,15.2,1015,57,1.9,1.7,9.4,562.3,0.84,1.833333333
,,,,,,,,,,
26.8,33.4,15.7,1014.5,52,2.4,4.6,9.4,432.89,0.25,1.791666667
,,,,,,,,,,
23.7,29.1,15.8,1011.9,67,2.1,5.2,11.1,525.38,0.62,117.5833333
,,,,,,,,,,
23.4,29.1,17,1011.4,63,2.1,6.7,16.5,435.38,0.52,122.7083333
,,,,,,,,,,
24.3,29,15.6,1011.7,56,1.9,10,18.3,488.56,0.53,76.54166667
,,,,,,,,,,
24.3,31,16.8,1010.8,66,3.4,6.9,14.8,410.8,0.81,59.20833333
,,,,,,,,,,
22.4,29.5,17.1,1014.1,68,3.4,6.3,16.5,458.52,0.65,77.20833333
,,,,,,,,,,
24.1,29.2,14.5,1014.4,59,2.4,8.5,18.3,624.25,0.63,87.83333333
,,,,,,,,,,
26.8,33,19,1008.8,61,2.3,3.5,11.1,415.86,0.7,123.7083333
,,,,,,,,,,
27.1,33,19,1009.9,61,2.6,2.8,13,521.32,0.62,64.79166667
,,,,,,,,,,
26.5,32.8,19.5,1010.5,45,2.9,12.2,25.9,528.65,0.4,62.875
,,,,,,,,,,
29.8,36.2,18.2,1012.7,52,2.4,3.3,7.6,429.35,0.62,52.04166667
,,,,,,,,,,
24.7,36.6,19.7,1012.8,66,2.4,9.4,14.8,624.38,0.51,128.3333333
,,,,,,,,,,
26.2,32,19.5,1012.5,56,3.1,9.1,14.8,612.85,0.82,87.58333333
,,,,,,,,,,
29.9,37,19.5,1008.3,39,2.7,4.4,9.4,518.85,0.62,23.20833333
,,,,,,,,,,
30.4,37.5,21.6,1006.3,41,2.6,12,27.8,482.65,0.61,15.16666667
,,,,,,,,,,
32.3,39,21.5,1007.3,39,3.4,5.4,13,582.64,0.75,21.25
,,,,,,,,,,
33.4,39.1,24.8,1008,47,2.1,2.6,7.6,702.03,0.64,25.75
,,,,,,,,,,
29.5,36.9,21.5,1007.2,41,2.3,11.3,16.5,698.21,0.85,105.3333333
,,,,,,,,,,
29.3,36,18.8,1008.8,37,3.2,4.8,11.1,645.28,0.66,117.75
,,,,,,,,,,
30.9,37,19,1008.9,33,2.6,6.9,14.8,485.96,0.25,20.79166667
,,,,,,,,,,
31.6,38,23.2,1002.6,30,3.1,18.7,35.2,528.65,0.35,46.91666667
,,,,,,,,,,
33.1,39,24,1003,26,2.6,10.4,24.1,412.58,0.44,104.625
,,,,,,,,,,
33.6,40,23,1003.8,27,2.4,9.8,18.3,612.58,0.41,109.625
,,,,,,,,,,
34,40.6,26.3,1005.5,29,2.6,13.9,22.2,652.89,0.55,0
,,,,,,,,,,
33.9,39.6,25.8,1002.7,28,2.7,15.7,29.4,634.56,0.52,30.875
,,,,,,,,,,
33.3,39.4,24.8,1000.7,28,3.1,8.3,18.3,642.85,0.45,75.58333333
,,,,,,,,,,
33.4,40,21.2,1006.3,27,2.6,3.7,14.8,411.85,0.88,0
,,,,,,,,,,
33.2,40.3,22.2,1005.1,29,2.3,5,14.8,465.28,0.56,0
,,,,,,,,,,
34,40.7,22.2,1004.6,24,2.4,11.9,22.2,439.52,0.52,0
,,,,,,,,,,
34.7,41.5,22,1001.7,24,2.3,8.5,16.5,448.15,0.62,142.5
,,,,,,,,,,
38,44,23.8,1001.1,20,2.6,9.6,29.4,468.1,0.61,133.375
,,,,,,,,,,
35.4,44,28,1003.2,35,2.7,6.5,18.3,549.52,0.64,102.4166667
,,,,,,,,,,
33.2,38,25,1004.6,41,2.7,4.6,9.4,517.63,0.54,158.2916667
,,,,,,,,,,
35.1,39.2,25.3,1005.1,40,2.4,7.2,11.1,501.74,0.82,149.5833333
,,,,,,,,,,
33.8,39.8,27.6,1005.5,44,2.4,9.8,16.5,508.69,0.75,107.2916667
,,,,,,,,,,
37.1,42,27.5,1000.7,30,2.9,8.3,18.3,511.37,0.86,106.5
,,,,,,,,,,
36.5,43,27,1001.8,35,2.6,4.1,22.2,589.35,0.46,128.125
,,,,,,,,,,
37.3,42.4,27.4,1002.4,32,2.6,4.8,14.8,410.28,0.86,108
,,,,,,,,,,
37.3,43.7,28.6,997.4,44,2.6,9.4,22.2,582.96,0.35,98.41666667
,,,,,,,,,,
37.3,42.8,31.2,996.2,49,2.6,8.3,14.8,506.84,0.53,94.375
,,,,,,,,,,
36.2,41.5,30.7,995.3,50,2.9,10.9,18.3,406.38,0.46,118.5
,,,,,,,,,,
32.9,39,27.4,996.6,50,2.4,9.4,27.8,415.82,0.4,110.4166667
,,,,,,,,,,
34.6,39,26,998.4,49,2.4,6.7,16.5,462.153,0.32,95.83333333
,,,,,,,,,,
37.4,41,30.6,998.8,31,1.9,14.1,27.8,644.25,0.6,93.5
,,,,,,,,,,
32.7,37.5,24.7,1002.3,55,2.4,7.4,18.3,6655.14,0.85,38.66666667
,,,,,,,,,,
36,40,26.6,1001.7,46,3.1,9.1,22.2,682.14,0.42,45.375
,,,,,,,,,,
37.7,42,30.7,1000.9,37,2.6,11.9,22.2,516.85,0.56,65.16666667
,,,,,,,,,,
37.6,43,28.7,1001.2,42,2.4,2.8,11.1,425.18,0.21,67.08333333
,,,,,,,,,,
34.6,40.3,28.7,1001.1,51,2.7,10.2,25.9,432.58,0.45,77.66666667
,,,,,,,,,,
35.9,41,28.6,998.6,50,2.6,8.5,18.3,518.56,0.82,70.25
,,,,,,,,,,
35.7,41.2,30,997.6,48,2.3,9.3,27.8,528.63,0.74,75.125
,,,,,,,,,,
36,41,27.6,997.7,46,2.4,12.8,25.9,536.46,0.56,77
,,,,,,,,,,
32.6,40.7,26,996.9,59,2.6,11.9,29.4,557.62,0.85,32.95833333
,,,,,,,,,,
34.7,38,30.5,995.4,55,2.4,10.4,18.3,524.86,0.54,40.83333333
,,,,,,,,,,
35.6,40,30,1000.7,57,3.1,9.4,25.9,478.58,0.41,90.70833333
,,,,,,,,,,
31.1,40.1,26,999.8,74,2.4,7.6,14.8,458.75,0.57,97.29166667
,,,,,,,,,,
32.9,38.6,27,999.7,64,2.4,8.9,16.5,415.75,0.63,79.83333333
,,,,,,,,,,
35.5,39.9,31.2,999.7,60,2.4,9.8,18.3,436.25,0.51,40.375
,,,,,,,,,,
34.9,39.6,29.6,999.6,61,2.4,7.8,14.8,689.56,0.72,49.41666667
,,,,,,,,,,
34.4,39.4,26,998.3,63,2.3,8,14.8,695.23,0.68,43.66666667
,,,,,,,,,,
32.2,39.8,25.4,995.4,73,2.3,8.3,14.8,639.56,0.51,0
,,,,,,,,,,
28.4,36.6,24.4,998.1,82,2.4,5.2,9.4,624.51,0.65,29.66666667
,,,,,,,,,,
29.6,32,25.7,997.6,80,2.3,2,7.6,562.45,0.24,47.75
,,,,,,,,,,
33.6,36.7,28.8,996.7,66,5.8,5.9,11.1,524.58,0.65,43.66666667
,,,,,,,,,,
30.7,36.9,28.8,996.8,78,2.3,5.4,27.8,643.86,0.84,29.83333333
,,,,,,,,,,
33.3,37,27.8,996.2,68,2.6,6.7,11.1,624.52,0.61,29.66666667
,,,,,,,,,,
31.1,34.2,27.8,997.8,78,2.6,6.9,24.1,615.85,0.74,37.625
,,,,,,,,,,
30.4,35.4,26.7,997.8,82,2.1,5.2,14.8,613.54,0.65,41.45833333
,,,,,,,,,,
31,35.2,26,997.9,80,2.4,7.2,18.3,614.25,0.54,53.125
,,,,,,,,,,
32.4,35.2,26.2,999,72,2.9,13.5,25.9,665.55,0.56,36
,,,,,,,,,,
34.1,37,28.5,998.5,63,3.2,13,22.2,648.87,0.84,70.58333333
,,,,,,,,,,
34.1,37.2,29,998.4,61,2.6,11.5,22.2,486.25,0.51,52.45833333
,,,,,,,,,,
31.9,35,28.3,1001.3,72,2.1,2.8,9.4,458.62,0.62,38.25
,,,,,,,,,,
30.3,35,27.6,1002.6,83,2.3,6.5,16.5,411.78,0.42,26.58333333
,,,,,,,,,,
28.3,35.8,26.8,1003.9,89,1.6,4.3,11.1,562.85,0.73,57.58333333
,,,,,,,,,,
29.2,31,26,1000,85,1.8,4.6,13,522.11,0.48,41.375
,,,,,,,,,,
29.1,32.6,26.4,998.6,85,1.8,5.9,13,542.35,0.75,25.54166667
,,,,,,,,,,
30.9,35,26,997.4,73,2.6,6.5,11.1,568.95,0.76,28.375
,,,,,,,,,,
32.6,36,26.2,997.8,66,3.4,5.6,9.4,498.11,0.65,40.33333333
,,,,,,,,,,
33.3,36,26.4,999.7,67,3.2,7.8,18.3,586.42,0.35,35.375
,,,,,,,,,,
33.4,36.5,28.6,999.9,66,2.9,9.8,16.5,514.25,0.61,31.91666667
,,,,,,,,,,
31.2,36.7,28,997.8,75,2.7,9.1,14.8,523.18,0.81,36.79166667
,,,,,,,,,,
29.9,34,25.5,1000.2,80,1.4,3.3,11.1,416.86,0.52,26.83333333
,,,,,,,,,,
29,33.7,26,999.1,85,2.1,6.5,22.2,592.48,0.56,21.125
,,,,,,,,,,
31.3,34.5,27,997.6,71,3.2,12.2,22.2,572.47,0.81,18
,,,,,,,,,,
31.7,34,26.4,999,71,2.6,2,11.1,657.45,0.69,43.58333333
,,,,,,,,,,
32.6,36,27.6,999.6,70,2.7,10.6,20.6,563.41,0.58,46.04166667
,,,,,,,,,,
31.2,35.9,26.1,1000.4,71,3.2,8.7,18.3,582.59,0.36,28.75
,,,,,,,,,,
31,35,26.8,1004.1,76,2.6,6.1,14.8,465.89,0.49,64.91666667
,,,,,,,,,,
30.8,35.2,26.8,1005,76,2.7,3.7,18.3,413.25,0.75,30.66666667
,,,,,,,,,,
27.3,33.3,24,1002.4,89,2.1,7.8,27.8,572.85,0.68,33.16666667
,,,,,,,,,,
27.8,31,25.2,1001.3,88,2.4,4.6,7.6,568.15,0.48,30.625
,,,,,,,,,,
30.7,34,25.5,1000.1,73,2.6,13.7,22.2,698.23,0.56,30.33333333
,,,,,,,,,,
30.7,34,25,1000.5,65,3.4,12,27.8,695.15,0.82,31.75
,,,,,,,,,,
31.1,35,25,1003.1,64,3.2,10.4,18.3,459.86,0.53,0
,,,,,,,,,,
31.3,35,26,1004.6,63,3.2,11.5,18.3,526.46,0.64,0
,,,,,,,,,,
31.4,36,26.7,1006.7,65,3.1,8.3,13,582.75,0.54,83.45833333
,,,,,,,,,,
30.4,35.6,25.7,1006.5,72,2.9,4.3,14.8,584.71,0.67,71.66666667
,,,,,,,,,,
31.7,37.1,26,1003.2,63,2.9,1.7,5.4,458.69,0.84,62.375
,,,,,,,,,,
32.5,37.2,25.3,1003,59,3.1,1.7,7.6,593.26,0.25,24.875
,,,,,,,,,,
32.6,37.4,27,1005.8,63,2.6,6.3,13,564.15,0.62,37.33333333
,,,,,,,,,,
30.7,34.8,25.6,1004.5,66,2.6,3.3,11.1,528.36,0.52,41.5
,,,,,,,,,,
31.4,35.2,26,1005.8,62,3.1,2,7.6,536.86,0.53,48.91666667
,,,,,,,,,,
31.9,36,26.5,1007.2,66,2.3,2.4,7.6,526.2,0.81,26.66666667
,,,,,,,,,,
32.4,36.4,27.5,1007.8,65,3.1,3.5,11.1,456.82,0.65,29
,,,,,,,,,,
30.3,35,24.7,1007.3,62,2.3,7.6,18.3,482.36,0.63,60.54166667
,,,,,,,,,,
29.9,35,23,1006.3,60,2.6,6.7,24.1,412.51,0.7,41.58333333
,,,,,,,,,,
30,36,22.5,1004.9,63,2.6,3,7.6,412,0.62,50.91666667
,,,,,,,,,,
28.6,35,19.8,1008.2,49,3.7,11.5,22.2,475.56,0.4,82.83333333
,,,,,,,,,,
28.3,35.2,19,1009.4,53,3.4,9.1,35.9,458.47,0.62,95.25
,,,,,,,,,,
26.8,35.2,17.5,1010.4,57,2.6,5.7,13,658.12,0.51,115.8333333
,,,,,,,,,,
27.6,35,17.6,1007.6,53,3.1,5.9,13,475.21,0.82,136.7083333
,,,,,,,,,,
27.7,35,18.6,1006.9,52,3.1,7.8,28.7,412.3,0.62,160.6666667
,,,,,,,,,,
27.3,35,19,1007.8,55,3.2,7.2,27.8,515.88,0.61,173.5833333
,,,,,,,,,,
27.2,34.5,19.5,1009,58,3.1,11.1,25.9,,0.75,261.6666667
,,,,,,,,,,
26.4,33,18.4,1012.4,60,2.6,4.6,14.8,420.58,0.64,272.4166667
,,,,,,,,,,
25.4,33.4,16.5,1014.3,62,1.6,5,14.8,521.36,0.85,226.2916667
,,,,,,,,,,
23.7,31.7,15.5,1017.7,69,1,1.3,5.4,498.3,0.66,99.70833333
,,,,,,,,,,
23.4,31.1,14.2,1016,60,1.1,3,7.6,442.58,0.25,217.375
,,,,,,,,,,
22.6,30.6,15.8,1015.4,69,0.5,1.1,5.4,725,0.35,309.375
,,,,,,,,,,
23.9,32,14.5,1015.6,63,1,2,5.4,683.25,0.44,166.9166667
,,,,,,,,,,
23.2,30.2,14,1012.6,55,1.1,7.4,18.3,681.24,0.41,278
,,,,,,,,,,
22.5,29.5,15.6,1013.3,56,1.1,11.7,22.2,658.89,0.55,192.3333333
,,,,,,,,,,
21.7,30,12.2,1014.5,52,1.1,6.3,16.5,450.6,0.52,235.3333333
,,,,,,,,,,
22.2,30.2,13.6,1015.6,63,1.6,1.5,3.5,568.56,0.58,221.5416667
,,,,,,,,,,
20.8,29.3,12.1,1016.7,58,1.8,3.5,9.4,562.3,0.88,210.5416667
,,,,,,,,,,
20.7,28.8,10.6,1017.8,56,1.8,6.1,16.5,432.89,0.56,251.2083333
,,,,,,,,,,
20.8,29,10.5,1013.9,61,1.8,2.6,7.6,525.38,0.52,194.7083333
,,,,,,,,,,
22,31,10.7,1013.2,56,1.8,2.4,14.8,435.38,0.62,250.875
,,,,,,,,,,
21.4,30.6,10.8,1011.9,54,2.6,7.8,18.3,488.56,0.61,274.875
,,,,,,,,,,
24.2,31,16.5,1013,36,2.9,13.9,22.2,410.8,0.64,160
,,,,,,,,,,
22.7,30.8,13.6,1012,38,3.4,11.9,20.6,458.52,0.54,217.9166667
,,,,,,,,,,
21.4,29.6,12.7,1013.7,40,2.6,8,20.6,624.25,0.82,184.2083333
,,,,,,,,,,
19.2,25.9,11.9,1017,84,0.8,2.6,9.4,415.86,0.75,176.375
,,,,,,,,,,
18.9,25.8,11.5,1017.9,77,0.6,5,13,521.32,0.86,185.9583333
,,,,,,,,,,
19.3,27,11.7,1019.6,57,1.8,5.2,11.1,528.65,0.46,195.375
,,,,,,,,,,
17.8,24.8,11.2,1017,74,0.6,0.7,7.6,429.35,0.86,365.2916667
,,,,,,,,,,
15.8,24.3,8.7,1015.8,77,0.8,1.7,7.6,624.38,0.35,312.2083333
,,,,,,,,,,
18.2,27,7.7,1013.7,72,0.6,1.1,7.6,612.85,0.53,237.625
,,,,,,,,,,
19,27.1,10.5,1015.1,61,1.6,3.3,9.4,518.85,0.46,202.875
,,,,,,,,,,
18,26.6,10.5,1017.1,61,1.9,8,14.8,482.65,0.4,260.1666667
,,,,,,,,,,
17.2,24.2,10,1017.2,58,1.6,9.3,22.2,582.64,0.32,403.9583333
,,,,,,,,,,
16.3,23,6.6,1016.9,61,1,9.4,20.6,702.03,0.6,284.1666667
,,,,,,,,,,
18.1,24,11.2,1015.4,56,1.8,15.9,25.9,698.21,0.85,288.4166667
,,,,,,,,,,
17.8,25,10.7,1015.8,54,2.3,9.4,22.2,645.28,0.42,256.8333333
,,,,,,,,,,
13.9,24.5,11.4,1015,95,0.6,8.7,14.8,485.96,0.56,169
,,,,,,,,,,
16.3,23,9.8,1016.9,78,1.1,7.4,16.5,528.65,0.21,186.0416667
,,,,,,,,,,
16.3,23.4,9,1017.3,68,1.3,7.8,18.3,412.58,0.45,185.5833333
,,,,,,,,,,
16.9,25.1,6.6,1021.3,65,1.1,2,7.6,612.58,0.82,284.7958333
,,,,,,,,,,
15.5,24.1,7.7,1021,71,1.1,3.5,11.1,652.89,0.74,219.7208333
,,,,,,,,,,
14.9,22.8,8,1018.4,73,1.1,5.9,13,634.56,0.56,182.1875
,,,,,,,,,,
18.3,24.7,11.5,1018.1,85,0.5,1.1,7.6,642.85,0.85,154.0375
,,,,,,,,,,
16.5,24.7,12,1017.4,82,0.6,8,13,411.85,0.54,223.2083333
,,,,,,,,,,
16.6,22.2,10.2,1015.4,65,1.8,10,20.6,465.28,0.41,200.6458333
,,,,,,,,,,
18.2,25.1,12,1014.4,77,0.6,5,11.1,439.52,0.57,285.225
,,,,,,,,,,
15.6,23.2,10.9,1015.6,82,0.6,4.3,9.4,448.15,0.63,236.825
,,,,,,,,,,
13,19,9.6,1016.9,85,0.8,10.7,16.5,468.1,0.51,276.9083333
,,,,,,,,,,
12.3,19,8.9,1015.8,91,0.5,4.6,9.4,549.52,0.72,108
,,,,,,,,,,
11.9,15.7,7.5,1018.9,86,0.8,6.1,11.1,517.63,0.68,107.625
,,,,,,,,,,
12,17,6.7,1019.8,75,1.3,7.6,13,501.74,0.51,125.8916667
,,,,,,,,,,
11.7,18,6.4,1017.3,76,0.8,4.4,13,508.69,0.65,181.0125
,,,,,,,,,,
14.6,21,6.8,1015.6,81,0.6,2.4,7.6,511.37,0.24,152.5541667
,,,,,,,,,,
17.7,24,9,1014.5,69,1.4,4.4,9.4,589.35,0.65,152.3208333
,,,,,,,,,,
17.4,27.2,12.2,1016.4,79,1.1,7.8,18.3,410.28,0.84,319.7375
,,,,,,,,,,
15.9,22.4,8.4,1017.6,66,2.4,7.2,16.5,582.96,0.61,332.7083333
,,,,,,,,,,
15.2,22.6,6.6,1018.2,56,1.9,8.9,22.2,506.84,0.74,279.6
,,,,,,,,,,
12.7,19.5,8,1017.6,69,1.3,8.3,18.3,406.38,0.65,179.1166667
,,,,,,,,,,
15.6,24.6,10.7,1015.7,81,1.3,2.8,9.4,415.82,0.54,54.79166667
,,,,,,,,,,
17.1,23.2,9,1017.1,69,1.8,5.9,11.1,462.153,0.56,93.375
,,,,,,,,,,
17.6,24,10.1,1014.8,67,1.4,5.9,14.8,644.25,0.84,103
,,,,,,,,,,
17.2,26,11.5,1014.7,65,2.3,5.7,14.8,6655.14,0.51,132.2083333
,,,,,,,,,,
17.7,24.4,9.7,1017,64,2.1,8,18.3,682.14,0.62,127.7083333
,,,,,,,,,,
17.4,24.4,10.1,1018.9,61,2.3,6.1,11.1,516.85,0.42,109.3333333
,,,,,,,,,,
23.1,30,15.6,1014.9,71,1.4,4.1,9.4,425.18,0.73,56.45833333
,,,,,,,,,,
23.7,29.8,18.7,1014,75,1.4,11.1,18.3,432.58,0.48,135.8333333
,,,,,,,,,,
20.9,27.8,15.8,1014.4,62,2.6,17.2,27.8,518.56,0.75,122.5
,,,,,,,,,,
22.6,30.3,11.5,1015.4,57,2.4,5.4,11.1,528.63,0.76,69.66666667
,,,,,,,,,,
22.7,30.4,12.8,1017.7,56,2.6,2.4,7.6,536.46,0.65,79.83333333
,,,,,,,,,,
22.7,30.6,13,1018.4,58,2.4,3.3,7.6,557.62,0.35,62.70833333
,,,,,,,,,,
25,31,15,1015.7,59,1.9,1.7,5.4,524.86,0.61,1.916666667
,,,,,,,,,,
24.9,32.4,15.2,1015,57,1.9,1.7,9.4,478.58,0.81,1.833333333
,,,,,,,,,,
26.8,33.4,15.7,1014.5,52,2.4,4.6,9.4,458.75,0.52,1.791666667
,,,,,,,,,,
23.7,29.1,15.8,1011.9,67,2.1,5.2,11.1,415.75,0.56,117.5833333
,,,,,,,,,,
23.4,29.1,17,1011.4,63,2.1,6.7,16.5,436.25,0.81,122.7083333
,,,,,,,,,,
24.3,29,15.6,1011.7,56,1.9,10,18.3,689.56,0.69,76.54166667
,,,,,,,,,,
24.3,31,16.8,1010.8,66,3.4,6.9,14.8,695.23,0.58,59.20833333
,,,,,,,,,,
22.4,29.5,17.1,1014.1,68,3.4,6.3,16.5,639.56,0.36,77.20833333
,,,,,,,,,,
24.1,29.2,14.5,1014.4,59,2.4,8.5,18.3,624.51,0.49,87.83333333
,,,,,,,,,,
26.8,33,19,1008.8,61,2.3,3.5,11.1,562.45,0.75,123.7083333
,,,,,,,,,,
27.1,33,19,1009.9,61,2.6,2.8,13,524.58,0.68,64.79166667
,,,,,,,,,,
26.5,32.8,19.5,1010.5,45,2.9,12.2,25.9,643.86,0.48,62.875
,,,,,,,,,,
29.8,36.2,18.2,1012.7,52,2.4,3.3,7.6,624.52,0.56,52.04166667
,,,,,,,,,,
24.7,36.6,19.7,1012.8,66,2.4,9.4,14.8,615.85,0.82,128.3333333
,,,,,,,,,,
26.2,32,19.5,1012.5,56,3.1,9.1,14.8,613.54,0.53,87.58333333
,,,,,,,,,,
29.9,37,19.5,1008.3,39,2.7,4.4,9.4,614.25,0.64,23.20833333
,,,,,,,,,,
30.4,37.5,21.6,1006.3,41,2.6,12,27.8,665.55,0.54,15.16666667
,,,,,,,,,,
32.3,39,21.5,1007.3,39,3.4,5.4,13,648.87,0.67,21.25
,,,,,,,,,,
33.4,39.1,24.8,1008,47,2.1,2.6,7.6,486.25,0.84,25.75
,,,,,,,,,,
29.5,36.9,21.5,1007.2,41,2.3,11.3,16.5,458.62,0.25,105.3333333
,,,,,,,,,,
29.3,36,18.8,1008.8,37,3.2,4.8,11.1,411.78,0.62,117.75
,,,,,,,,,,
30.9,37,19,1008.9,33,2.6,6.9,14.8,562.85,0.52,20.79166667
,,,,,,,,,,
31.6,38,23.2,1002.6,30,3.1,18.7,35.2,522.11,0.53,46.91666667
,,,,,,,,,,
33.1,39,24,1003,26,2.6,10.4,24.1,542.35,0.81,104.625
,,,,,,,,,,
33.6,40,23,1003.8,27,2.4,9.8,18.3,568.95,0.65,109.625
,,,,,,,,,,
34,40.6,26.3,1005.5,29,2.6,13.9,22.2,498.11,0.63,0
,,,,,,,,,,
33.9,39.6,25.8,1002.7,28,2.7,15.7,29.4,586.42,0.7,30.875
,,,,,,,,,,
33.3,39.4,24.8,1000.7,28,3.1,8.3,18.3,514.25,0.62,75.58333333
,,,,,,,,,,
33.4,40,21.2,1006.3,27,2.6,3.7,14.8,523.18,0.4,0
,,,,,,,,,,
33.2,40.3,22.2,1005.1,29,2.3,5,14.8,416.86,0.62,0
,,,,,,,,,,
34,40.7,22.2,1004.6,24,2.4,11.9,22.2,592.48,0.51,0
,,,,,,,,,,
34.7,41.5,22,1001.7,24,2.3,8.5,16.5,572.47,0.82,142.5
,,,,,,,,,,
38,44,23.8,1001.1,20,2.6,9.6,29.4,657.45,0.62,133.375
,,,,,,,,,,
35.4,44,28,1003.2,35,2.7,6.5,18.3,563.41,0.61,102.4166667
,,,,,,,,,,
33.2,38,25,1004.6,41,2.7,4.6,9.4,582.59,0.75,158.2916667
,,,,,,,,,,
35.1,39.2,25.3,1005.1,40,2.4,7.2,11.1,465.89,0.64,149.5833333
,,,,,,,,,,
33.8,39.8,27.6,1005.5,44,2.4,9.8,16.5,413.25,0.85,107.2916667
,,,,,,,,,,
37.1,42,27.5,1000.7,30,2.9,8.3,18.3,572.85,0.66,106.5
,,,,,,,,,,
36.5,43,27,1001.8,35,2.6,4.1,22.2,568.15,0.25,128.125
,,,,,,,,,,
37.3,42.4,27.4,1002.4,32,2.6,4.8,14.8,698.23,0.35,108
,,,,,,,,,,
37.3,43.7,28.6,997.4,44,2.6,9.4,22.2,695.15,0.44,98.41666667
,,,,,,,,,,
37.3,42.8,31.2,996.2,49,2.6,8.3,14.8,459.86,0.41,94.375
,,,,,,,,,,
36.2,41.5,30.7,995.3,50,2.9,10.9,18.3,526.46,0.55,118.5
,,,,,,,,,,
32.9,39,27.4,996.6,50,2.4,9.4,27.8,582.75,0.52,110.4166667
,,,,,,,,,,
34.6,39,26,998.4,49,2.4,6.7,16.5,584.71,0.62,95.83333333
,,,,,,,,,,
37.4,41,30.6,998.8,31,1.9,14.1,27.8,458.69,0.88,93.5
,,,,,,,,,,
32.7,37.5,24.7,1002.3,55,2.4,7.4,18.3,593.26,0.56,38.66666667
,,,,,,,,,,
36,40,26.6,1001.7,46,3.1,9.1,22.2,564.15,0.52,45.375
,,,,,,,,,,
37.7,42,30.7,1000.9,37,2.6,11.9,22.2,528.36,0.62,65.16666667
,,,,,,,,,,
37.6,43,28.7,1001.2,42,2.4,2.8,11.1,536.86,0.61,67.08333333
,,,,,,,,,,
34.6,40.3,28.7,1001.1,51,2.7,10.2,25.9,526.2,0.64,77.66666667
,,,,,,,,,,
35.9,41,28.6,998.6,50,2.6,8.5,18.3,456.82,0.54,70.25
,,,,,,,,,,
35.7,41.2,30,997.6,48,2.3,9.3,27.8,482.36,0.82,75.125
,,,,,,,,,,
36,41,27.6,997.7,46,2.4,12.8,25.9,412.51,0.75,77
,,,,,,,,,,
32.6,40.7,26,996.9,59,2.6,11.9,29.4,412,0.86,32.95833333
,,,,,,,,,,
34.7,38,30.5,995.4,55,2.4,10.4,18.3,475.56,0.46,40.83333333
,,,,,,,,,,
35.6,40,30,1000.7,57,3.1,9.4,25.9,458.47,0.86,90.70833333
,,,,,,,,,,
31.1,40.1,26,999.8,74,2.4,7.6,14.8,658.12,0.35,97.29166667
,,,,,,,,,,
32.9,38.6,27,999.7,64,2.4,8.9,16.5,475.21,0.53,79.83333333
,,,,,,,,,,
35.5,39.9,31.2,999.7,60,2.4,9.8,18.3,412.3,0.46,40.375
,,,,,,,,,,
34.9,39.6,29.6,999.6,61,2.4,7.8,14.8,515.88,0.4,49.41666667
,,,,,,,,,,
34.4,39.4,26,998.3,63,2.3,8,14.8,420.58,0.32,43.66666667
,,,,,,,,,,
32.2,39.8,25.4,995.4,73,2.3,8.3,14.8,521.36,0.6,0
,,,,,,,,,,
28.4,36.6,24.4,998.1,82,2.4,5.2,9.4,498.3,0.85,29.66666667
,,,,,,,,,,
29.6,32,25.7,997.6,80,2.3,2,7.6,442.58,0.42,47.75
,,,,,,,,,,
33.6,36.7,28.8,996.7,66,5.8,5.9,11.1,725,0.56,43.66666667
,,,,,,,,,,
30.7,36.9,28.8,996.8,78,2.3,5.4,27.8,683.25,0.21,29.83333333
,,,,,,,,,,
33.3,37,27.8,996.2,68,2.6,6.7,11.1,681.24,0.45,29.66666667
,,,,,,,,,,
31.1,34.2,27.8,997.8,78,2.6,6.9,24.1,658.89,0.82,37.625
,,,,,,,,,,
30.4,35.4,26.7,997.8,82,2.1,5.2,14.8,450.6,0.74,41.45833333
,,,,,,,,,,
31,35.2,26,997.9,80,2.4,7.2,18.3,568.56,0.56,53.125
,,,,,,,,,,
32.4,35.2,26.2,999,72,2.9,13.5,25.9,562.3,0.85,36
,,,,,,,,,,
34.1,37,28.5,998.5,63,3.2,13,22.2,432.89,0.54,70.58333333
,,,,,,,,,,
34.1,37.2,29,998.4,61,2.6,11.5,22.2,525.38,0.41,52.45833333
,,,,,,,,,,
31.9,35,28.3,1001.3,72,2.1,2.8,9.4,435.38,0.57,38.25
,,,,,,,,,,
30.3,35,27.6,1002.6,83,2.3,6.5,16.5,488.56,0.63,26.58333333
,,,,,,,,,,
28.3,35.8,26.8,1003.9,89,1.6,4.3,11.1,410.8,0.51,57.58333333
,,,,,,,,,,
29.2,31,26,1000,85,1.8,4.6,13,458.52,0.72,41.375
,,,,,,,,,,
29.1,32.6,26.4,998.6,85,1.8,5.9,13,624.25,0.68,25.54166667
,,,,,,,,,,
30.9,35,26,997.4,73,2.6,6.5,11.1,415.86,0.51,28.375
,,,,,,,,,,
32.6,36,26.2,997.8,66,3.4,5.6,9.4,521.32,0.65,40.33333333
,,,,,,,,,,
33.3,36,26.4,999.7,67,3.2,7.8,18.3,528.65,0.24,35.375
,,,,,,,,,,
33.4,36.5,28.6,999.9,66,2.9,9.8,16.5,429.35,0.65,31.91666667
,,,,,,,,,,
31.2,36.7,28,997.8,75,2.7,9.1,14.8,624.38,0.84,36.79166667
,,,,,,,,,,
29.9,34,25.5,1000.2,80,1.4,3.3,11.1,612.85,0.61,26.83333333
,,,,,,,,,,
29,33.7,26,999.1,85,2.1,6.5,22.2,518.85,0.74,21.125
,,,,,,,,,,
31.3,34.5,27,997.6,71,3.2,12.2,22.2,482.65,0.65,18
,,,,,,,,,,
31.7,34,26.4,999,71,2.6,2,11.1,582.64,0.54,43.58333333
,,,,,,,,,,
32.6,36,27.6,999.6,70,2.7,10.6,20.6,702.03,0.56,46.04166667
,,,,,,,,,,
31.2,35.9,26.1,1000.4,71,3.2,8.7,18.3,698.21,0.84,28.75
,,,,,,,,,,
31,35,26.8,1004.1,76,2.6,6.1,14.8,645.28,0.51,64.91666667
,,,,,,,,,,
30.8,35.2,26.8,1005,76,2.7,3.7,18.3,485.96,0.62,30.66666667
,,,,,,,,,,
27.3,33.3,24,1002.4,89,2.1,7.8,27.8,528.65,0.42,33.16666667
,,,,,,,,,,
27.8,31,25.2,1001.3,88,2.4,4.6,7.6,412.58,0.73,30.625
,,,,,,,,,,
30.7,34,25.5,1000.1,73,2.6,13.7,22.2,612.58,0.48,30.33333333
,,,,,,,,,,
30.7,34,25,1000.5,65,3.4,12,27.8,652.89,0.75,31.75
,,,,,,,,,,
31.1,35,25,1003.1,64,3.2,10.4,18.3,634.56,0.76,0
,,,,,,,,,,
31.3,35,26,1004.6,63,3.2,11.5,18.3,642.85,0.65,0
,,,,,,,,,,
31.4,36,26.7,1006.7,65,3.1,8.3,13,411.85,0.35,83.45833333
,,,,,,,,,,
30.4,35.6,25.7,1006.5,72,2.9,4.3,14.8,465.28,0.61,71.66666667
,,,,,,,,,,
31.7,37.1,26,1003.2,63,2.9,1.7,5.4,439.52,0.81,62.375
,,,,,,,,,,
32.5,37.2,25.3,1003,59,3.1,1.7,7.6,448.15,0.52,24.875
,,,,,,,,,,
32.6,37.4,27,1005.8,63,2.6,6.3,13,468.1,0.56,37.33333333
,,,,,,,,,,
30.7,34.8,25.6,1004.5,66,2.6,3.3,11.1,549.52,0.81,41.5
,,,,,,,,,,
31.4,35.2,26,1005.8,62,3.1,2,7.6,517.63,0.69,48.91666667
,,,,,,,,,,
31.9,36,26.5,1007.2,66,2.3,2.4,7.6,501.74,0.58,26.66666667
,,,,,,,,,,
32.4,36.4,27.5,1007.8,65,3.1,3.5,11.1,508.69,0.36,29
,,,,,,,,,,
30.3,35,24.7,1007.3,62,2.3,7.6,18.3,511.37,0.49,60.54166667
,,,,,,,,,,
29.9,35,23,1006.3,60,2.6,6.7,24.1,589.35,0.75,41.58333333
,,,,,,,,,,
30,36,22.5,1004.9,63,2.6,3,7.6,410.28,0.68,50.91666667
,,,,,,,,,,
28.6,35,19.8,1008.2,49,3.7,11.5,22.2,582.96,0.48,82.83333333
,,,,,,,,,,
28.3,35.2,19,1009.4,53,3.4,9.1,35.9,506.84,0.56,95.25
,,,,,,,,,,
26.8,35.2,17.5,1010.4,57,2.6,5.7,13,406.38,0.82,115.8333333
,,,,,,,,,,
27.6,35,17.6,1007.6,53,3.1,5.9,13,415.82,0.53,136.7083333
,,,,,,,,,,
27.7,35,18.6,1006.9,52,3.1,7.8,28.7,462.153,0.64,160.6666667
,,,,,,,,,,
27.3,35,19,1007.8,55,3.2,7.2,27.8,644.25,0.54,173.5833333
,,,,,,,,,,
27.2,34.5,19.5,1009,58,3.1,11.1,25.9,6655.14,0.67,261.6666667
,,,,,,,,,,
26.4,33,18.4,1012.4,60,2.6,4.6,14.8,682.14,0.84,272.4166667
,,,,,,,,,,
25.4,33.4,16.5,1014.3,62,1.6,5,14.8,516.85,0.25,226.2916667
,,,,,,,,,,
23.7,31.7,15.5,1017.7,69,1,1.3,5.4,425.18,0.62,99.70833333
,,,,,,,,,,
23.4,31.1,14.2,1016,60,1.1,3,7.6,432.58,0.52,217.375
,,,,,,,,,,
22.6,30.6,15.8,1015.4,69,0.5,1.1,5.4,518.56,0.53,309.375
,,,,,,,,,,
23.9,32,14.5,1015.6,63,1,2,5.4,528.63,0.81,166.9166667
,,,,,,,,,,
23.2,30.2,14,1012.6,55,1.1,7.4,18.3,536.46,0.65,278
,,,,,,,,,,
22.5,29.5,15.6,1013.3,56,1.1,11.7,22.2,557.62,0.63,192.3333333
,,,,,,,,,,
21.7,30,12.2,1014.5,52,1.1,6.3,16.5,524.86,0.7,235.3333333
,,,,,,,,,,
22.2,30.2,13.6,1015.6,63,1.6,1.5,3.5,478.58,0.62,221.5416667
,,,,,,,,,,
20.8,29.3,12.1,1016.7,58,1.8,3.5,9.4,458.75,0.4,210.5416667
,,,,,,,,,,
20.7,28.8,10.6,1017.8,56,1.8,6.1,16.5,415.75,0.62,251.2083333
,,,,,,,,,,
20.8,29,10.5,1013.9,61,1.8,2.6,7.6,436.25,0.51,194.7083333
,,,,,,,,,,
22,31,10.7,1013.2,56,1.8,2.4,14.8,689.56,0.82,250.875
,,,,,,,,,,
21.4,30.6,10.8,1011.9,54,2.6,7.8,18.3,695.23,0.62,274.875
,,,,,,,,,,
24.2,31,16.5,1013,36,2.9,13.9,22.2,639.56,0.61,160
,,,,,,,,,,
22.7,30.8,13.6,1012,38,3.4,11.9,20.6,624.51,0.75,217.9166667
,,,,,,,,,,
21.4,29.6,12.7,1013.7,40,2.6,8,20.6,562.45,0.64,184.2083333
,,,,,,,,,,
19.2,25.9,11.9,1017,84,0.8,2.6,9.4,524.58,0.85,176.375
,,,,,,,,,,
18.9,25.8,11.5,1017.9,77,0.6,5,13,643.86,0.66,185.9583333
,,,,,,,,,,
19.3,27,11.7,1019.6,57,1.8,5.2,11.1,624.52,0.25,195.375
,,,,,,,,,,
17.8,24.8,11.2,1017,74,0.6,0.7,7.6,615.85,0.35,365.2916667
,,,,,,,,,,
15.8,24.3,8.7,1015.8,77,0.8,1.7,7.6,613.54,0.44,312.2083333
,,,,,,,,,,
18.2,27,7.7,1013.7,72,0.6,1.1,7.6,614.25,0.41,237.625
,,,,,,,,,,
19,27.1,10.5,1015.1,61,1.6,3.3,9.4,665.55,0.55,202.875
,,,,,,,,,,
18,26.6,10.5,1017.1,61,1.9,8,14.8,648.87,0.52,260.1666667
,,,,,,,,,,
17.2,24.2,10,1017.2,58,1.6,9.3,22.2,486.25,0.58,403.9583333
,,,,,,,,,,
16.3,23,6.6,1016.9,61,1,9.4,20.6,458.62,0.88,284.1666667
,,,,,,,,,,
18.1,24,11.2,1015.4,56,1.8,15.9,25.9,411.78,0.56,288.4166667
,,,,,,,,,,
17.8,25,10.7,1015.8,54,2.3,9.4,22.2,562.85,0.52,256.8333333
,,,,,,,,,,
13.9,24.5,11.4,1015,95,0.6,8.7,14.8,522.11,0.62,169
,,,,,,,,,,
16.3,23,9.8,1016.9,78,1.1,7.4,16.5,542.35,0.61,186.0416667
,,,,,,,,,,
16.3,23.4,9,1017.3,68,1.3,7.8,18.3,568.95,0.8,185.5833333
